booking_id,y,p_cancel,p_raw_yes_first,p_raw_no_first,order_flip_raw,order_flip_l0
50260,1,0.04610927021318938,0.0007554055970964759,4.495180506736813e-06,0.0,0.0
94659,0,0.09823114435498205,0.003483424138929749,4.936989537931885e-06,0.0,0.0
80378,1,0.05758627592734385,0.0002694790494263197,2.0145693250337525e-05,0.0,0.0
22296,0,0.11454238669223536,0.010328154175697756,2.3320756378558803e-06,0.0,0.0
92626,0,0.06571005980705286,0.00337661276801696,2.1233789686808042e-06,0.0,0.0
21375,0,0.14630134721227545,0.013636837849485767,3.089495184583075e-06,0.0,1.0
66554,1,0.024093850245295173,0.00016865273148773866,5.255398212958324e-06,0.0,0.0
17705,0,0.09023368808966555,0.001325022200004762,1.0783314793281978e-05,0.0,0.0
119125,0,0.061975621753022334,0.005911069753745469,1.0677029973235123e-06,0.0,0.0
68523,1,0.03627996207175434,0.0008295890015896191,2.482479149356074e-06,0.0,0.0
23341,0,0.09415637046642603,0.0037072529053448575,4.222834954820254e-06,0.0,0.0
95542,0,0.07170526451853525,0.0007793661347695177,1.1125603509314034e-05,0.0,0.0
23292,0,0.1331620730946496,0.009412590343086962,3.6119822000929285e-06,0.0,0.0
101471,0,0.05509450425741367,0.0015978451647420651,3.089495184583075e-06,0.0,0.0
18439,0,0.06018357794992284,0.006097561309262689,9.721546189377177e-07,0.0,0.0
52211,1,0.06018359084554306,0.0011335688164599627,5.255398212958324e-06,0.0,0.0
74810,1,0.13316208311757874,0.004070138265185266,8.398071033533918e-06,0.0,0.0
93744,0,0.06018356972570178,0.0038244833439267808,1.5534971990199408e-06,0.0,0.0
88232,0,0.038529678274272304,0.0011695103004128338,1.994729959312828e-06,0.0,0.0
95206,0,0.10103429785936745,0.0037072529053448575,4.936990126459539e-06,0.0,0.0
26614,0,0.04153049023330036,0.0006462031557728052,4.222834954820254e-06,0.0,0.0
90963,0,0.06864706200198342,0.002182716953960533,3.6119822000929285e-06,0.0,0.0
8862,1,0.08402228197786017,0.003075369179754187,3.966986387815789e-06,0.0,0.0
111681,0,0.028054240948330793,0.0015978451647420651,7.571147607951157e-07,0.0,0.0
48015,1,0.049669925076716,0.0016484828588918183,2.4061034870279747e-06,0.0,0.0
73290,1,0.03738856295273901,0.0022518471900497736,9.721546189377177e-07,0.0,0.0
39851,0,0.08402230372304968,0.005220125635523485,2.3320756378558803e-06,0.0,0.0
91999,0,0.05674414163098232,0.0012065896955511597,4.356878425291134e-06,0.0,0.0
104789,0,0.08770095998743775,0.001410358436282299,9.51625169373602e-06,0.0,0.0
6203,1,0.037955000571967705,0.00048785718098195605,4.637872744428124e-06,0.0,0.0
47415,1,0.05192983829529154,0.0027149861050945762,1.602810605686697e-06,0.0,0.0
95794,0,0.10987338366480007,0.0021157029409860713,1.0451548051167401e-05,0.0,0.0
33149,0,0.0748887864476435,0.0023967313911954784,3.966986387815789e-06,0.0,0.0
46813,1,0.05674416386046642,0.00433150297248697,1.2098659719807352e-06,0.0,0.0
65405,1,0.08282753874487046,0.004198795588833998,2.8130174840617977e-06,0.0,0.0
41339,0,0.07488879017405152,0.007577241922677275,1.248271341413489e-06,0.0,0.0
38918,0,0.06571005862746308,0.001410358436282299,5.093706824804725e-06,0.0,0.0
8885,1,0.07597852022716772,0.0018675662743252222,5.255398212958324e-06,0.0,0.0
60852,1,0.03072683713699989,0.0005033355117032025,2.9023119851992187e-06,0.0,0.0
10106,1,0.09962395233370985,0.0020507436161568606,8.664654180478202e-06,0.0,0.0
60194,1,0.06571005096218241,0.0005884089269625609,1.2219074562959139e-05,0.0,0.0
25354,0,0.17578640065006287,0.018546566309080526,3.50085316238225e-06,0.0,1.0
112045,0,0.060183585002026536,0.0032730656975854832,1.8162221872996068e-06,0.0,0.0
107560,0,0.126111657448078,0.0031726830692822713,9.51625169373602e-06,0.0,0.0
95064,0,0.06765480624416033,0.00337661276801696,2.2603251062511995e-06,0.0,0.0
104370,0,0.04542689627645738,0.0029810329339968827,1.1015954913197063e-06,0.0,0.0
117308,0,0.0666758212374486,0.0017007221768206937,4.356878425291134e-06,0.0,0.0
112297,0,0.043436998805320336,0.0011695103004128338,2.561281600094309e-06,0.0,0.0
117089,0,0.07820171147864204,0.0010649624483902006,9.818330494449007e-06,0.0,0.0
6521,0,0.12959606144070515,0.0015978451647420651,2.0145693250337525e-05,0.0,0.0
24872,0,0.1542811842959288,0.0023231623267394954,2.0785165475135268e-05,0.0,0.0
95805,0,0.07597851250713557,0.0012448435228145033,7.889264466933239e-06,0.0,0.0
62141,1,0.0877009652982444,0.0044683841359893966,2.994441338322032e-06,0.0,0.0
24145,0,0.04153047885796795,0.0006070754685282924,4.495180506736813e-06,0.0,0.0
66704,1,0.041530486790337724,0.0010005044957413633,2.726469945665712e-06,0.0,0.0
2383,0,0.16475236124208403,0.002550912911214397,2.212567436532397e-05,0.0,0.0
73766,1,0.09549748962932426,0.001926734293943221,8.398071033533918e-06,0.0,0.0
71718,1,0.05349010567310942,0.002182716953960533,2.1233789686808042e-06,0.0,0.0
115801,0,0.0782017064702775,0.0037072529053448575,2.8130174840617977e-06,0.0,0.0
58919,1,0.048215421151074606,0.0012448435228145033,2.994441338322032e-06,0.0,0.0
103419,0,0.10103428754989931,0.003075369179754187,5.955140768331919e-06,0.0,0.0
39535,0,0.078201696013956,0.004198795588833998,2.482479149356074e-06,0.0,0.0
96122,0,0.07170526831562579,0.004905405360218095,1.760343003490802e-06,0.0,0.0
83919,0,0.06289019235329019,0.001926734293943221,3.3931435994777406e-06,0.0,0.0
82332,1,0.05758627778724114,0.0004173158237957614,1.3007123813725573e-05,0.0,0.0
1114,0,0.10390819814880382,0.0023231623267394954,8.398071033533918e-06,0.0,0.0
28510,0,0.05674415513994396,0.0004583129617247757,1.1478768126328688e-05,0.0,0.0
109913,0,0.05844013681568166,0.001987774066425167,2.8130174840617977e-06,0.0,0.0
91360,0,0.0852326753914601,0.0031726830692822713,3.966986387815789e-06,0.0,0.0
117775,0,0.07488879017405152,0.007577241922677275,1.248271341413489e-06,0.0,0.0
26616,0,0.05591360533524539,0.0018675662743252222,2.726469945665712e-06,0.0,0.0
5203,0,0.10537212355024189,0.0012065896955511597,1.6701429809483402e-05,0.0,0.0
82471,0,0.07708274295079992,0.006097561309262689,1.6536891917493862e-06,0.0,0.0
106979,0,0.03911269539586507,0.0015487614480278714,1.5534971990199408e-06,0.0,0.0
74525,1,0.14826361498906454,0.0009697518580996581,4.5397852420729034e-05,0.0,0.0
90237,0,0.06381738412780999,0.0011335688164599627,5.955140768331919e-06,0.0,0.0
63458,1,0.09962395183397658,0.005730245984379375,3.089495184583075e-06,0.0,0.0
16678,0,0.07381342260434202,0.0035936023996747954,2.561281600094309e-06,0.0,0.0
56856,1,0.052704518993352566,0.0008830457137489357,5.093706824804725e-06,0.0,0.0
20896,0,0.11296715539951661,0.011331753760907875,2.058049354947254e-06,0.0,0.0
21130,0,0.13866653018869035,0.004198795588833998,8.93969950149795e-06,0.0,0.0
36030,0,0.0941563611332654,0.006903836628141824,2.2603251062511995e-06,0.0,0.0
24125,0,0.09415636943395687,0.005060332552440032,3.089495184583075e-06,0.0,0.0
28617,0,0.060183580481506176,0.0015011819937681247,3.966986387815789e-06,0.0,0.0
75104,1,0.09415635416588594,0.0005193049800551674,3.02419513100631e-05,0.0,0.0
102750,0,0.09023367726409023,0.004905404780589826,2.9023119851992187e-06,0.0,0.0
27639,0,0.09685571212365421,0.0017546144219260113,9.51625169373602e-06,0.0,0.0
38941,0,0.15428122069471759,0.0028009272903275605,1.7231574803700495e-05,0.0,0.0
81127,0,0.18268147635242454,0.007345826954777488,9.818329324033296e-06,0.0,0.0
29765,0,0.0628901989741702,0.002472622943003016,2.642585190793824e-06,0.0,0.0
5178,1,0.032154034653882294,0.0004305570927227883,3.726638839912802e-06,0.0,0.0
40511,0,0.10685418346083449,0.0017546144219260113,1.1843144672322726e-05,0.0,0.0
81018,0,0.04215691965981312,0.0015978451647420651,1.760343003490802e-06,0.0,0.0
82578,0,0.04680140683027457,0.0009399439131311984,3.726638839912802e-06,0.0,0.0
15410,0,0.10246231928647266,0.0016484828588918183,1.1478768126328688e-05,0.0,0.0
14595,0,0.13866651436735355,0.009125636757578982,4.092912025774258e-06,0.0,0.0
46972,1,0.07381344323342108,0.004198795588833998,2.190782104892756e-06,0.0,0.0
114240,0,0.09152461255838823,0.0035936023996747954,4.092912025774258e-06,0.0,0.0
58196,1,0.06667585026284592,0.0022518471900497736,3.2887506336355264e-06,0.0,0.0
116534,0,0.043436995733645234,0.0006878511561755446,4.356878425291134e-06,0.0,0.0
23410,0,0.07488877874540212,0.00337661276801696,2.8130174840617977e-06,0.0,0.0
50131,1,0.02848345377791664,0.0004305570927227883,2.9023119851992187e-06,0.0,0.0
34739,0,0.10537210204954517,0.0017546144219260113,1.1478768126328688e-05,0.0,0.0
43523,0,0.050412673951787536,0.0020507436161568606,1.994729959312828e-06,0.0,0.0
4391,1,0.09415635120405476,0.005911069753745469,2.642585190793824e-06,0.0,0.0
65993,1,0.05591359787498442,0.00337661276801696,1.5057011869226585e-06,0.0,0.0
18090,0,0.10246230992640189,0.003483424138929749,5.42221767718423e-06,0.0,0.0
82121,1,0.061975617556682044,0.0012843081308850904,4.936989537931885e-06,0.0,0.0
74219,1,0.0828275295321997,0.0011335688164599627,1.0451548051167401e-05,0.0,0.0
99133,0,0.0954974914910999,0.010013570327733808,1.602810605686697e-06,0.0,0.0
2630,1,0.05041266864444443,0.0006070754685282924,6.74805239431716e-06,0.0,0.0
104855,0,0.08523266123201262,0.004755200222770245,2.642585190793824e-06,0.0,0.0
27822,0,0.09283212481341784,0.002472622943003016,6.144177531850823e-06,0.0,0.0
34516,0,0.10537210939384063,0.003945406039842732,5.093706824804725e-06,0.0,0.0
33677,0,0.10685416164602368,0.0018102108585498632,1.1478769494667976e-05,0.0,0.0
23133,0,0.08402229626867175,0.005911069753745469,2.058049354947254e-06,0.0,0.0
2995,0,0.19219893294806475,0.009125635688067147,8.93969950149795e-06,0.0,0.0
2781,1,0.052704523837547486,0.0006263341098699961,7.183263824896686e-06,0.0,0.0
94192,0,0.12270771676715593,0.005060332552440032,5.594337046452708e-06,0.0,0.0
1583,0,0.08048428849547672,0.0017546144219260113,6.339208136787267e-06,0.0,0.0
12313,1,0.059305857650555516,0.0012065896955511597,4.785094494835719e-06,0.0,0.0
73735,1,0.09549752049035908,0.001987774066425167,8.13969650595823e-06,0.0,0.0
68627,1,0.058440127204382554,0.0006070754685282924,9.22346791068853e-06,0.0,0.0
28147,0,0.25123534065789993,0.00433150297248697,3.763646510006124e-05,0.0,0.0
76703,0,0.04215693131188767,0.0008295890015896191,3.393146430930522e-06,0.0,0.0
511,1,0.04091295379372498,0.0007554055970964759,3.5008535797134407e-06,0.0,0.0
22824,0,0.14436058551667286,0.004198795588833998,9.818329324033296e-06,0.0,0.0
49550,1,0.06667585005289559,0.005554925104976843,1.3287778191852582e-06,0.0,0.0
27125,0,0.035737609468026024,0.0004044815611496185,4.936989537931885e-06,0.0,0.0
60652,1,0.03215403968968645,0.0005033355117032025,3.1875663565705323e-06,0.0,0.0
55125,1,0.06667585472557876,0.0032730656975854832,2.2603251062511995e-06,0.0,0.0
47452,1,0.07708275495955011,0.005554925104976843,1.8162221872996068e-06,0.0,0.0
25484,0,0.17130452706070287,0.0032730656975854832,1.892514598661872e-05,0.0,0.0
77692,0,0.10246232586809803,0.006097561309262689,3.089495184583075e-06,0.0,0.0
90871,0,0.047503419017353644,0.0011695103004128338,3.089495184583075e-06,0.0,0.0
58201,1,0.05270450261471527,0.0018102108585498632,2.482479149356074e-06,0.0,0.0
9023,1,0.13866652459921922,0.00433150297248697,8.664654180478202e-06,0.0,0.0
304,0,0.10987339017778575,0.0023231623267394954,9.51625169373602e-06,0.0,0.0
18753,0,0.1604970045963723,0.0038244833439267808,1.3846011164630788e-05,0.0,0.0
40917,0,0.08770096803667635,0.004609572905819922,2.9023119851992187e-06,0.0,0.0
16834,0,0.11296712582926485,0.0018102108585498632,1.3007123813725573e-05,0.0,0.0
91183,0,0.0696528114818406,0.005730245984379375,1.4144766730550664e-06,0.0,0.0
84524,0,0.09152460922874693,0.0052201262521444506,2.8130174840617977e-06,0.0,0.0
33533,0,0.0782017064702775,0.0037072529053448575,2.8130174840617977e-06,0.0,0.0
43929,0,0.0877009806386236,0.0027149861050945762,4.936990126459539e-06,0.0,0.0
47918,0,0.10537210967968788,0.009125636757578982,2.190782104892756e-06,0.0,0.0
110316,0,0.070672153841562,0.000804085962940771,1.0451548051167401e-05,0.0,0.0
56346,1,0.06864707309213619,0.003483424138929749,2.2603251062511995e-06,0.0,0.0
52197,1,0.02891903095227202,0.0006878511561755446,1.8738753836477887e-06,0.0,0.0
104708,0,0.06381737536126818,0.004070137783849419,1.6536891917493862e-06,0.0,0.0
99689,0,0.0968557006175341,0.002631674240722588,6.339208136787267e-06,0.0,0.0
79390,1,0.10987339691901676,0.0006070754685282924,3.6478546348360466e-05,0.0,0.0
69348,1,0.048937536827640286,0.0006667021610602238,5.771920718126135e-06,0.0,0.0
30408,0,0.07933551529394674,0.0027149861050945762,3.966986387815789e-06,0.0,0.0
73187,1,0.06765479674946043,0.007345826954777488,1.0348532635506445e-06,0.0,0.0
19179,1,0.04893753623249746,0.00013552080053299745,2.840973616147218e-05,0.0,0.0
10166,1,0.0877009788783782,0.0031726830692822713,4.222834954820254e-06,0.0,0.0
16051,0,0.33149970282713626,0.004198795588833998,8.48110414181513e-05,0.0,0.0
45533,0,0.042792392250000554,0.0010987313252676443,2.642585190793824e-06,0.0,0.0
109910,0,0.07381342561250245,0.0020507436161568606,4.495180506736813e-06,0.0,0.0
246,0,0.048937536827640286,0.0006667021610602238,5.771920718126135e-06,0.0,0.0
89162,0,0.07933550735542166,0.0013670255069146825,7.889264466933239e-06,0.0,0.0
60182,1,0.06571005096218241,0.0005884089269625609,1.2219074562959139e-05,0.0,0.0
28538,0,0.0759785015358675,0.005060332552440032,1.9333584585511295e-06,0.0,0.0
68885,1,0.044090871780247246,0.0006878511561755446,4.495180506736813e-06,0.0,0.0
56027,1,0.07067216827097224,0.0027149861050945762,3.089495184583075e-06,0.0,0.0
3100,0,0.11775019483447496,0.0028895806206369976,8.93969950149795e-06,0.0,0.0
89316,0,0.036279974906512205,0.0015978451647420651,1.2878956762413533e-06,0.0,0.0
116796,0,0.030264876208762448,0.0015978451647420651,8.851568248941973e-07,0.0,0.0
43555,1,0.07275231917531899,0.004755200222770245,1.8738753836477887e-06,0.0,0.0
107883,0,0.024093845492452103,0.0012448435228145033,7.112435289654718e-07,0.0,0.0
94799,0,0.04279239233351239,0.00337661276801696,8.579234357751966e-07,0.0,0.0
60648,1,0.04821541265408263,0.001987774066425167,1.8738753836477887e-06,0.0,0.0
28213,0,0.07067216474629609,0.0037072529053448575,2.2603251062511995e-06,0.0,0.0
58937,1,0.07067213509561993,0.0053849370015672145,1.5534971990199408e-06,0.0,0.0
66441,1,0.05591360720628724,0.0010987313252676443,4.637872744428124e-06,0.0,0.0
15929,0,0.06571003531046916,0.0015978451647420651,4.495180506736813e-06,0.0,0.0
61667,1,0.07708274295079992,0.006097561309262689,1.6536891917493862e-06,0.0,0.0
106216,0,0.06965279741244369,0.0029810329339968827,2.726469945665712e-06,0.0,0.0
83532,0,0.08282753685238814,0.005730245984379375,2.058049354947254e-06,0.0,0.0
29751,0,0.09283211033265326,0.001926734293943221,7.889264466933239e-06,0.0,0.0
85930,0,0.05758628750715066,0.002472622943003016,2.190782104892756e-06,0.0,0.0
18903,0,0.18739368200238785,0.012053780458941033,6.339208136787267e-06,0.0,1.0
72932,1,0.049669905244772584,0.0015011819937681247,2.642585190793824e-06,0.0,0.0
104905,0,0.15225345679752122,0.002631674240722588,1.777854550238982e-05,0.0,0.0
106104,0,0.10103427263107465,0.004905404780589826,3.726638839912802e-06,0.0,0.0
20249,0,0.08895918582357436,0.0037072529053448575,3.726638839912802e-06,0.0,0.0
80376,1,0.05758627592734385,0.0002694790494263197,2.0145693250337525e-05,0.0,0.0
72920,1,0.05509449457273102,0.0013670255069146825,3.6119822000929285e-06,0.0,0.0
48250,1,0.05192984557799052,0.0006070754685282924,7.183263824896686e-06,0.0,0.0
24139,0,0.04153047885796795,0.0006070754685282924,4.495180506736813e-06,0.0,0.0
11945,1,0.09415635147081403,0.0018675662743252222,8.398070032421943e-06,0.0,0.0
50687,0,0.07488878807259801,0.0018102108585498632,5.255398212958324e-06,0.0,0.0
70215,1,0.04279239669416518,0.0007321813269898655,3.966986387815789e-06,0.0,0.0
23174,0,0.11613664841555052,0.005220125635523485,4.785094494835719e-06,0.0,0.0
96415,0,0.07170528751774381,0.0071214297960611106,1.2098659719807352e-06,0.0,0.0
1848,0,0.0968556990804584,0.004755200222770245,3.50085316238225e-06,0.0,0.0
60590,1,0.05591360378355242,0.0017007221768206937,2.994441338322032e-06,0.0,0.0
3736,0,0.08282753968215131,0.0028895806206369976,4.092912025774258e-06,0.0,0.0
79119,0,0.04409088223137975,0.0021157029409860713,1.4593769169593532e-06,0.0,0.0
90150,0,0.0696528034810319,0.0013670255069146825,5.955140768331919e-06,0.0,0.0
74211,1,0.08523268685822967,0.0012843082836406087,9.818330494449007e-06,0.0,0.0
35189,0,0.051929838682088815,0.0014550627830884635,2.994441338322032e-06,0.0,0.0
17277,0,0.061975620381403564,0.0007096703049020562,8.93969950149795e-06,0.0,0.0
64461,1,0.114542333819596,0.005554924449029013,4.356878425291134e-06,0.0,0.0
84836,0,0.0706721490869155,0.0012843081308850904,6.540436447118119e-06,0.0,0.0
68429,1,0.05349009244991778,0.0016484828588918183,2.8130174840617977e-06,0.0,0.0
91858,0,0.10103429866330034,0.005730245984379375,3.1875663565705323e-06,0.0,0.0
94250,0,0.0696528105236557,0.0027149861050945762,2.994441338322032e-06,0.0,0.0
58670,1,0.038529675641774536,0.0004728543816584347,4.936989537931885e-06,0.0,0.0
75665,1,0.09549751451193556,0.0018102108585498632,8.93969950149795e-06,0.0,0.0
5613,1,0.08895920802347439,0.0022518471900497736,6.144177531850823e-06,0.0,0.0
98271,0,0.13497601688390712,0.0038244833439267808,9.22346791068853e-06,0.0,0.0
104472,0,0.04030423522757401,0.0020507436161568606,1.248271341413489e-06,0.0,0.0
112974,0,0.03738856995187893,0.0010987313252676443,1.994729959312828e-06,0.0,0.0
31866,0,0.1024623425896612,0.0023967313911954784,7.889264466933239e-06,0.0,0.0
107084,0,0.08895917666166608,0.0021157029409860713,6.540436447118119e-06,0.0,0.0
81028,1,0.1349760099247246,0.0038244833439267808,9.223466811192458e-06,0.0,0.0
37692,0,0.025220979510071188,0.000315038828619097,3.089495184583075e-06,0.0,0.0
103349,0,0.06018358548825374,0.0006878511561755446,8.664654180478202e-06,0.0,0.0
66228,1,0.046801408409131495,0.0012065896955511597,2.9023119851992187e-06,0.0,0.0
109274,0,0.07067213867388673,0.004905404780589826,1.706182832076048e-06,0.0,0.0
18749,0,0.09685571621216735,0.0017007221768206937,9.818329324033296e-06,0.0,0.0
41667,0,0.07170528351042967,0.0010649624483902006,8.13969650595823e-06,0.0,0.0
105426,0,0.06381738616258005,0.0021157029409860713,3.1875663565705323e-06,0.0,0.0
19597,0,0.08895921137361314,0.010328154175697756,1.3287778191852582e-06,0.0,0.0
115310,0,0.08645884934928406,0.006488270281051803,1.994729959312828e-06,0.0,0.0
1593,1,0.0782017150043873,0.0017546144219260113,5.955140768331919e-06,0.0,0.0
70387,1,0.038529675213233035,0.0005193049800551674,4.495180506736813e-06,0.0,0.0
91623,0,0.0461092754526861,0.0011335688164599627,2.994441338322032e-06,0.0,0.0
113824,0,0.07170528881951233,0.0035936023996747954,2.4061034870279747e-06,0.0,0.0
87336,0,0.10390821244752355,0.005060332552440032,3.844935058717364e-06,0.0,0.0
60888,1,0.0770827707282704,0.004609572905819922,2.190782104892756e-06,0.0,0.0
42057,0,0.09962394838768816,0.0035936023996747954,4.936989537931885e-06,0.0,0.0
12924,1,0.062890220188145,0.0020507436161568606,3.1875663565705323e-06,0.0,0.0
21441,0,0.10103430649707473,0.0022518471900497736,8.13969650595823e-06,0.0,0.0
27666,0,0.09152462620686737,0.004609572905819922,3.1875663565705323e-06,0.0,0.0
16426,0,0.1243997269002334,0.004755200222770245,6.144177531850823e-06,0.0,0.0
89576,0,0.1735340353310689,0.005554924449029013,1.1478768126328688e-05,0.0,0.0
45283,0,0.04409087242073293,0.0015978451647420651,1.9333584585511295e-06,0.0,0.0
71916,1,0.04279239267442603,0.0014550627830884635,1.994729959312828e-06,0.0,0.0
105912,0,0.11296717126223671,0.0023967313911954784,9.818329324033296e-06,0.0,0.0
106234,0,0.042792400683163166,0.001987774066425167,1.4593769169593532e-06,0.0,0.0
145,0,0.06667585016841211,0.001410358436282299,5.255398212958324e-06,0.0,0.0
64650,1,0.05674414600203418,0.0011695103004128338,4.495180506736813e-06,0.0,0.0
90880,0,0.06475727866449145,0.006289901135666448,1.1015954913197063e-06,0.0,0.0
29758,0,0.032154042392289396,0.00037998453259431635,4.222834954820254e-06,0.0,0.0
76958,0,0.04279239313938388,0.0023231620509800107,1.2482711926084274e-06,0.0,0.0
1074,0,0.06197560636633251,0.0017007221768206937,3.726638839912802e-06,0.0,0.0
54075,1,0.039704179490971554,0.0022518471900497736,1.1015954913197063e-06,0.0,0.0
101185,0,0.15024766169859255,0.0029810329339968827,1.520684036890683e-05,0.0,0.0
66249,1,0.10537210939384063,0.003945406039842732,5.093706824804725e-06,0.0,0.0
73261,1,0.051929837401167814,0.0022518471900497736,1.9333584585511295e-06,0.0,0.0
13749,1,0.06107346019059934,0.0014550627830884635,4.222834954820254e-06,0.0,0.0
52248,1,0.04343701127770256,0.0009399439131311984,3.1875663565705323e-06,0.0,0.0
54627,1,0.04279239254681714,0.0009697518580996581,2.994441338322032e-06,0.0,0.0
87373,0,0.05192983242624819,0.0028009272903275605,1.5534971990199408e-06,0.0,0.0
110895,0,0.07933550358535198,0.005911069753745469,1.8162221872996068e-06,0.0,0.0
30449,0,0.078201707602763,0.0018675662743252222,5.594337046452708e-06,0.0,0.0
12800,1,0.06197560848494597,0.0006070754685282924,1.0451548051167401e-05,0.0,0.0
111555,0,0.06864705403072441,0.005060332552440032,1.5534971990199408e-06,0.0,0.0
104821,0,0.06475726818735252,0.0044683841359893966,1.5534971990199408e-06,0.0,0.0
77278,0,0.0403042232890811,0.0006667021610602238,3.844935058717364e-06,0.0,0.0
90445,0,0.0427923986408265,0.0005884089269625609,4.936989537931885e-06,0.0,0.0
12093,1,0.06765479123461192,0.0028009272903275605,2.726469945665712e-06,0.0,0.0
7961,1,0.049669910833175054,0.0009110513587503458,4.356878425291134e-06,0.0,0.0
87984,0,0.07708274907474877,0.0018102108585498632,5.594337046452708e-06,0.0,0.0
37487,0,0.07381341660686906,0.0014550627830884635,6.339208136787267e-06,0.0,0.0
18766,0,0.08523266174889567,0.0022518471900497736,5.594337046452708e-06,0.0,0.0
100591,0,0.08523268456794612,0.0029810329339968827,4.222834954820254e-06,0.0,0.0
74768,1,0.08645883386714096,0.0011335688164599627,1.1478768126328688e-05,0.0,0.0
28749,0,0.12270769679065574,0.0044683841359893966,6.339208136787267e-06,0.0,0.0
21305,0,0.05591359868003576,0.005730245984379375,8.851568248941973e-07,0.0,0.0
109345,0,0.06765478290015756,0.0044683841359893966,1.706182832076048e-06,0.0,0.0
65578,1,0.03627996785264928,0.0012065896955511597,1.706182832076048e-06,0.0,0.0
87944,0,0.08645886247966371,0.009412590343086962,1.3709578605790399e-06,0.0,0.0
109920,0,0.04893752878852481,0.0010649624483902006,3.6119822000929285e-06,0.0,0.0
80907,0,0.0696528108933787,0.003707253343925564,2.190782104892756e-06,0.0,0.0
83628,0,0.04153047842139511,0.0015978451647420651,1.706182832076048e-06,0.0,0.0
6775,0,0.1349760482795031,0.002631674240722588,1.3420015103331787e-05,0.0,0.0
110010,0,0.04279239907846788,0.0008830457137489357,3.2887506336355264e-06,0.0,0.0
77206,1,0.0770827720525501,0.001410358436282299,7.183263824896686e-06,0.0,0.0
75883,1,0.07933549040402253,0.0011695103004128338,9.223466811192458e-06,0.0,0.0
82662,0,0.04821541453454789,0.0012843081308850904,2.9023119851992187e-06,0.0,0.0
102171,0,0.18036007118365688,0.0038244833439267808,1.8342897697990773e-05,0.0,0.0
95977,0,0.08164825022425617,0.0044683841359893966,2.561281600094309e-06,0.0,0.0
846,1,0.08895917395457795,0.005554924449029013,2.482479149356074e-06,0.0,0.0
89829,0,0.10537212732609982,0.004755200222770245,4.222835458217393e-06,0.0,0.0
97649,0,0.059305867483630835,0.0017007221768206937,3.393146430930522e-06,0.0,0.0
55312,1,0.07488877001866291,0.002631674240722588,3.6119822000929285e-06,0.0,0.0
11713,1,0.0804843044172221,0.0022518471900497736,4.936989537931885e-06,0.0,0.0
17631,0,0.12103555326130248,0.004905404780589826,5.594337046452708e-06,0.0,0.0
84430,0,0.04475413443243646,0.0031726830692822713,1.0030140882062788e-06,0.0,0.0
7285,1,0.08164825857663587,0.001325022200004762,8.664654180478202e-06,0.0,0.0
84997,0,0.037954992086941475,0.0014550627830884635,1.5534971990199408e-06,0.0,0.0
21853,0,0.08164826843272031,0.0023967313911954784,4.785094494835719e-06,0.0,0.0
13352,1,0.045426895425570206,0.0006462031557728052,5.093706824804725e-06,0.0,0.0
37547,0,0.06107343950407166,0.0009697518580996581,6.339208136787267e-06,0.0,0.0
103114,0,0.036279973355702405,0.0010322309782936526,1.994729959312828e-06,0.0,0.0
102395,0,0.05116593203687222,0.0021157029409860713,1.994729959312828e-06,0.0,0.0
115518,0,0.06667584119621156,0.0018102108585498632,4.092912025774258e-06,0.0,0.0
103365,0,0.07381343006968892,0.004905405360218095,1.8738753836477887e-06,0.0,0.0
7595,1,0.05758627815665768,0.001987774066425167,2.726469945665712e-06,0.0,0.0
116130,0,0.07820169602987122,0.001410358436282299,7.4112781047984106e-06,0.0,0.0
47840,1,0.07381343474942482,0.004755200222770245,1.9333584585511295e-06,0.0,0.0
73457,1,0.04343700757734744,0.0010005044957413633,2.994441338322032e-06,0.0,0.0
77424,0,0.04030422010677955,0.0044683841359893966,5.715002426492935e-07,0.0,0.0
31650,0,0.09283212379167416,0.0012843081308850904,1.1843143260537437e-05,0.0,0.0
116570,0,0.05591359604978917,0.001987774066425167,2.561281600094309e-06,0.0,0.0
64157,1,0.03970417146465491,0.0006667021610602238,3.726638839912802e-06,0.0,0.0
67874,1,0.04750341975747328,0.0015011819937681247,2.4061034870279747e-06,0.0,0.0
40544,0,0.040912953607635735,0.0010322309782936526,2.561281600094309e-06,0.0,0.0
79501,0,0.10537209267797769,0.001926734293943221,1.0451548051167401e-05,0.0,0.0
14711,1,0.06475728947988976,0.0002868540364001373,2.430025232305379e-05,0.0,0.0
58809,1,0.049669914811724725,0.0010987313252676443,3.6119822000929285e-06,0.0,0.0
59670,1,0.040304227414935036,0.0008559005270359918,2.994441338322032e-06,0.0,0.0
99432,0,0.04215692295276334,0.004198795588833998,6.681514907437478e-07,0.0,0.0
98277,0,0.05758628934241227,0.0017007221768206937,3.1875663565705323e-06,0.0,0.0
76342,0,0.04750341489551584,0.0008830457137489357,4.092912025774258e-06,0.0,0.0
101617,0,0.043437000329065244,0.003483424138929749,8.579234357751966e-07,0.0,0.0
37874,0,0.1424412840724281,0.004070137783849419,9.818330494449007e-06,0.0,0.0
100706,0,0.10987338876393034,0.0009697518580996581,2.2827997186908663e-05,0.0,0.0
32722,0,0.15024767842620257,0.008847354846091981,5.093706824804725e-06,0.0,0.0
74015,1,0.10103428670977473,0.0006878511561755446,2.668852956311377e-05,0.0,0.0
12457,1,0.06381737801335954,0.0007096703049020562,9.51625169373602e-06,0.0,0.0
94638,0,0.06475728252374913,0.0008830457137489357,7.889264466933239e-06,0.0,0.0
83223,0,0.04215692280233488,0.0035936023996747954,7.811482375169323e-07,0.0,0.0
76299,0,0.06289022792326088,0.0009110513587503458,7.183263824896686e-06,0.0,0.0
94714,0,0.07933548974556104,0.0014550627830884635,7.4112781047984106e-06,0.0,0.0
18913,0,0.06667584516269238,0.0023231623267394954,3.1875663565705323e-06,0.0,0.0
76374,1,0.09962396133427333,0.00048785718098195605,3.6478546348360466e-05,0.0,0.0
116368,0,0.04475413781415893,0.0010987313252676443,2.9023119851992187e-06,0.0,0.0
28727,0,0.15225350874557383,0.0031726830692822713,1.4738989000878718e-05,0.0,0.0
43717,0,0.017205689254662714,0.0003250358280631563,1.3709578605790399e-06,0.0,0.0
62476,1,0.035203050821140794,0.0017007221768206937,1.1365639816447222e-06,0.0,0.0
3578,1,0.09823113085520499,0.0020507436161568606,8.398070032421943e-06,0.0,0.0
92918,0,0.06667584119621156,0.0018102108585498632,4.092912025774258e-06,0.0,0.0
84080,0,0.04475414301757612,0.0027149861050945762,1.1726423529557974e-06,0.0,0.0
110694,0,0.06864707592795627,0.005554924449029013,1.4144766730550664e-06,0.0,0.0
92009,0,0.049669918449598095,0.0018102108585498632,2.190782104892756e-06,0.0,0.0
112586,0,0.0468014011331824,0.0013670255069146825,2.561281600094309e-06,0.0,0.0
23996,0,0.07820172014784288,0.0011695103004128338,8.93969950149795e-06,0.0,0.0
78287,0,0.029361063402478786,0.0018102108585498632,7.33820805568835e-07,0.0,0.0
78804,0,0.03852966827543382,0.0008830457137489357,2.642585190793824e-06,0.0,0.0
17764,0,0.14630129880407172,0.0014550627830884635,2.931153155880896e-05,0.0,0.0
98994,0,0.09152461559811173,0.010986941578116865,1.3287778191852582e-06,0.0,0.0
90384,0,0.11613666286320003,0.0015978451647420651,1.568955720703011e-05,0.0,0.0
98516,0,0.06765478875985985,0.0020507436161568606,3.726638839912802e-06,0.0,0.0
115048,0,0.07381343927772749,0.0022518471900497736,4.092912025774258e-06,0.0,0.0
71465,1,0.04680141544103711,0.0015011819937681247,2.3320756378558803e-06,0.0,0.0
67568,1,0.051165938838579055,0.0010322309782936526,4.092912025774258e-06,0.0,0.0
68850,1,0.04821541494862924,0.0018102108585498632,2.058049354947254e-06,0.0,0.0
20429,0,0.19958183472380361,0.022286183712849815,3.966986387815789e-06,0.0,1.0
34702,0,0.14826368219011715,0.0028009272903275605,1.568955720703011e-05,0.0,0.0
42124,0,0.039704179490971554,0.0022518471900497736,1.1015954913197063e-06,0.0,0.0
39996,0,0.21762940392976865,0.0017546144219260113,6.402007160378846e-05,0.0,0.0
32039,0,0.1713045170074903,0.009412590343086962,6.540436447118119e-06,0.0,0.0
60591,1,0.0489375524039222,0.0007321813269898655,5.255398212958324e-06,0.0,0.0
60528,1,0.10246231559026997,0.0052201262521444506,3.6119822000929285e-06,0.0,0.0
89147,0,0.04821540757070487,0.0010322309782936526,3.6119822000929285e-06,0.0,0.0
88380,0,0.029361072350364056,0.0012448435228145033,1.0677029973235123e-06,0.0,0.0
80689,1,0.08164826145210209,0.0004173158237957614,2.753568782174604e-05,0.0,0.0
3747,1,0.04030422711761034,0.0005357805252560689,4.785094494835719e-06,0.0,0.0
63960,1,0.1010342908389952,0.008847354846091981,2.058049354947254e-06,0.0,0.0
26326,0,0.0628901989741702,0.002472622943003016,2.642585190793824e-06,0.0,0.0
87738,0,0.0717052819419025,0.0017007221768206937,5.093706824804725e-06,0.0,0.0
57245,1,0.05591359604978917,0.001987774066425167,2.561281600094309e-06,0.0,0.0
112084,0,0.06107345773072906,0.001987774066425167,3.089495184583075e-06,0.0,0.0
34584,0,0.05428671513119638,0.0009697518580996581,4.936990126459539e-06,0.0,0.0
44449,1,0.05844012392469439,0.0006070754685282924,9.223466811192458e-06,0.0,0.0
19,0,0.1563309806862098,0.00712142895975136,6.962257909890453e-06,0.0,0.0
60934,1,0.06965278831810436,0.0018102108585498632,4.495180506736813e-06,0.0,0.0
10853,1,0.029809650160907038,0.00036829785714047883,3.726638839912802e-06,0.0,0.0
5397,1,0.03911269283699754,0.00023050666092516467,1.0451548051167401e-05,0.0,0.0
63123,1,0.04475412760897795,0.0008559005270359918,3.726638839912802e-06,0.0,0.0
23107,0,0.13866649540179868,0.010013570327733808,3.726638839912802e-06,0.0,0.0
112675,0,0.11613662585421965,0.005730245984379375,4.356878425291134e-06,0.0,0.0
46065,1,0.060183581831149024,0.0010987313252676443,5.42221767718423e-06,0.0,0.0
12522,1,0.09549750762158689,0.0012065896955511597,1.3420015103331787e-05,0.0,0.0
19636,0,0.07820170043622833,0.0022518471900497736,4.637872744428124e-06,0.0,0.0
31268,0,0.10103427792668221,0.001926734293943221,9.51625169373602e-06,0.0,0.0
94983,0,0.13497605608215718,0.0028009272903275605,1.2606949244634996e-05,0.0,0.0
93097,0,0.07381345269614073,0.002182716953960533,4.222834954820254e-06,0.0,0.0
81129,0,0.05349010372219589,0.0020507436161568606,2.2603251062511995e-06,0.0,0.0
57615,1,0.06864705890910883,0.0013670255069146825,5.771920030068829e-06,0.0,0.0
17366,0,0.11454234799729571,0.002182716953960533,1.1125603509314034e-05,0.0,0.0
31858,0,0.09152460561739294,0.0021157029409860713,6.962257909890453e-06,0.0,0.0
112989,0,0.06667584800244841,0.0017546144219260113,4.222834954820254e-06,0.0,0.0
15996,0,0.08048429175489483,0.0010005044957413633,1.1125603509314034e-05,0.0,0.0
5283,1,0.043437012066463804,0.00030534899065814974,9.818329324033296e-06,0.0,0.0
79180,1,0.04343701765169047,0.00017952800925040936,1.6701429809483402e-05,0.0,0.0
81669,1,0.05674415429315489,0.00018522578424111868,2.840973954797728e-05,0.0,0.0
69581,1,0.03627996207175434,0.0008295890015896191,2.482479149356074e-06,0.0,0.0
42973,0,0.0840222974008825,0.0015011819937681247,8.13969650595823e-06,0.0,0.0
28072,0,0.08523267690955218,0.0010987313252676443,1.1478768126328688e-05,0.0,0.0
35610,0,0.1757864009817017,0.005060332552440032,1.3007123813725573e-05,0.0,0.0
15825,0,0.05844013517882748,0.0012065896955511597,4.637872744428124e-06,0.0,0.0
112817,0,0.09152461276132132,0.002550912911214397,5.771920030068829e-06,0.0,0.0
94790,0,0.030264886480966247,0.004070137783849419,3.466327450774257e-07,0.0,0.0
111798,0,0.030726840908829295,0.0004728543816584347,3.089495184583075e-06,0.0,0.0
57426,0,0.020366542787703213,0.0002780308537225942,2.2603251062511995e-06,0.0,0.0
109969,0,0.061073464015844556,0.0018102108585498632,3.393146430930522e-06,0.0,0.0
29494,0,0.09823113897155052,0.002631674240722588,6.540436447118119e-06,0.0,0.0
68510,1,0.10685414576696634,0.008061990984583519,2.561281600094309e-06,0.0,0.0
39649,0,0.12784373124070963,0.0023231623267394954,1.3420015103331787e-05,0.0,0.0
48538,1,0.03970419005239959,0.0004044815611496185,6.144177531850823e-06,0.0,0.0
118692,0,0.1626134488485415,0.002472622943003016,2.212567436532397e-05,0.0,0.0
29435,0,0.09962394189302197,0.010328154175697756,1.706182832076048e-06,0.0,0.0
41350,0,0.04542688784097929,0.0020507436161568606,1.602810605686697e-06,0.0,0.0
110847,0,0.08402228856319761,0.0031726830692822713,3.844935058717364e-06,0.0,0.0
112131,0,0.08645883963894267,0.0023967313911954784,5.42221767718423e-06,0.0,0.0
87310,0,0.054286707052475514,0.004905404780589826,9.721546189377177e-07,0.0,0.0
50553,1,0.047503411454508516,0.0007793661347695177,4.637872744428124e-06,0.0,0.0
89851,0,0.06667585254501966,0.005911069753745469,1.248271341413489e-06,0.0,0.0
82133,0,0.05844013072032016,0.0010322309782936526,5.42221767718423e-06,0.0,0.0
90380,0,0.06197562186118428,0.0020507436161568606,3.089495184583075e-06,0.0,0.0
105707,0,0.06864708452453654,0.0032730656975854832,2.4061034870279747e-06,0.0,0.0
56554,1,0.06289021057932309,0.0016484828588918183,3.966986387815789e-06,0.0,0.0
203,0,0.041530494116710025,0.0012065896955511597,2.2603251062511995e-06,0.0,0.0
60359,1,0.04343699831681747,0.0017546144219260113,1.706182832076048e-06,0.0,0.0
32368,0,0.11454238429423602,0.00337661276801696,7.183263824896686e-06,0.0,0.0
58740,1,0.04279239254681714,0.0009697518580996581,2.994441338322032e-06,0.0,0.0
84239,0,0.08402227917366582,0.004755200222770245,2.561281600094309e-06,0.0,0.0
20734,0,0.04750342890172564,0.0015487614480278714,2.3320756378558803e-06,0.0,0.0
102579,0,0.037955005506839924,0.0015978451647420651,1.4144766730550664e-06,0.0,0.0
101193,0,0.06765478332606682,0.005060332552440032,1.5057011869226585e-06,0.0,0.0
38203,0,0.0828275283174985,0.0018675662743252222,6.339208136787267e-06,0.0,0.0
44504,0,0.04153049242765064,0.0021157031921723675,1.2878956762413533e-06,0.0,0.0
45098,0,0.09023367823890321,0.005554925104976843,2.561281600094309e-06,0.0,0.0
70921,1,0.08895919348492375,0.006289901135666448,2.190782104892756e-06,0.0,0.0
72259,1,0.03852967870656634,0.0007793661347695177,2.994441338322032e-06,0.0,0.0
95084,0,0.08048429546602934,0.004198795588833998,2.642585190793824e-06,0.0,0.0
98765,0,0.06381739733958326,0.0020507436161568606,3.2887506336355264e-06,0.0,0.0
28178,0,0.14826366356955595,0.0053849370015672145,8.13969650595823e-06,0.0,0.0
82408,0,0.23122448195303621,0.004755200222770245,2.753568782174604e-05,0.0,0.0
79294,0,0.1349760463654753,0.0035936023996747954,9.818329324033296e-06,0.0,0.0
114134,0,0.05591360827571039,0.0015978451647420651,3.1875663565705323e-06,0.0,0.0
93046,0,0.10103430025618346,0.0009110513587503458,2.0145693250337525e-05,0.0,0.0
61819,1,0.12611164943834746,0.001987774066425167,1.520684036890683e-05,0.0,0.0
88406,0,0.0461092754526861,0.0011335688164599627,2.994441338322032e-06,0.0,0.0
6187,1,0.037955000571967705,0.00048785718098195605,4.637872744428124e-06,0.0,0.0
33220,0,0.14054331754060828,0.0032730656975854832,1.1843143260537437e-05,0.0,0.0
62996,1,0.04030424125920302,0.0010987313252676443,2.3320756378558803e-06,0.0,0.0
67557,1,0.06289020354360966,0.0035936023996747954,1.8162221872996068e-06,0.0,0.0
102124,0,0.07820172070266154,0.001987774066425167,5.255398212958324e-06,0.0,0.0
112774,0,0.05041267285658947,0.0010987313252676443,3.726638839912802e-06,0.0,0.0
35108,0,0.08645886217575104,0.002550912911214397,5.093706824804725e-06,0.0,0.0
75234,1,0.08523265943730379,0.0004442183150875949,2.840973954797728e-05,0.0,0.0
109444,0,0.048937531191599576,0.0014550627830884635,2.642585190793824e-06,0.0,0.0
38421,0,0.21498073040229718,0.004198795588833998,2.5867434156255456e-05,0.0,0.0
2659,1,0.054286718447951375,0.0006667021610602238,7.183263824896686e-06,0.0,0.0
11647,1,0.07488878254726447,0.0012065896955511597,7.889264466933239e-06,0.0,0.0
103257,0,0.05930586589581082,0.003945406039842732,1.4593769169593532e-06,0.0,0.0
24807,0,0.19463650197684298,0.004905404780589826,1.7231574803700495e-05,0.0,0.0
49504,1,0.05270451756907026,0.0006462031557728052,6.962258739847377e-06,0.0,0.0
96295,0,0.049669925076716,0.0016484828588918183,2.4061034870279747e-06,0.0,0.0
29928,0,0.1424412675325661,0.0032730656975854832,1.2219074562959139e-05,0.0,0.0
63120,1,0.04475412760897795,0.0008559005270359918,3.726638839912802e-06,0.0,0.0
37652,0,0.09549751548380253,0.004905404780589826,3.2887506336355264e-06,0.0,0.0
50824,0,0.04215693038700622,0.0008830457137489357,3.1875663565705323e-06,0.0,0.0
35345,0,0.09685573747461833,0.0015487614480278714,1.0783316078719877e-05,0.0,0.0
40051,1,0.09283212559842371,0.006692851264816554,2.2603251062511995e-06,0.0,0.0
107960,0,0.041530491839047334,0.0008559005270359918,3.1875663565705323e-06,0.0,0.0
101834,0,0.06197562742757068,0.0015487614480278714,4.092912025774258e-06,0.0,0.0
77425,0,0.07381342601073447,0.004905404780589826,1.8738753836477887e-06,0.0,0.0
43747,0,0.054286721411426146,0.0014550627830884635,3.2887506336355264e-06,0.0,0.0
15472,0,0.15840284925956588,0.0035936023996747954,1.4285517648638257e-05,0.0,0.0
49341,1,0.03627996207175434,0.0008295890015896191,2.482479149356074e-06,0.0,0.0
101969,0,0.06571003913067812,0.0020507436161568606,3.50085316238225e-06,0.0,0.0
110296,0,0.0657100621727512,0.005554925104976843,1.2878956762413533e-06,0.0,0.0
70199,1,0.05116592741655112,0.0016484828588918183,2.561281600094309e-06,0.0,0.0
99444,0,0.07933550358535198,0.005911069753745469,1.8162221872996068e-06,0.0,0.0
81353,0,0.030726837430896076,0.0014550627830884635,1.0030140882062788e-06,0.0,0.0
27188,0,0.05591360924667155,0.0016484828588918183,3.089495184583075e-06,0.0,0.0
99305,0,0.06107344814108423,0.0016484828588918183,3.726638839912802e-06,0.0,0.0
82669,0,0.04279239108045324,0.0007793661347695177,3.726638839912802e-06,0.0,0.0
116565,0,0.06571005236286823,0.0010987313252676443,6.540436447118119e-06,0.0,0.0
23869,0,0.08282753297873573,0.003945406039842732,2.994441338322032e-06,0.0,0.0
67841,1,0.03264386468505884,0.0015487614480278714,1.0677029973235123e-06,0.0,0.0
97734,0,0.03627998167134827,0.0009110513587503458,2.2603251062511995e-06,0.0,0.0
12231,1,0.03795499022498986,0.0006462031557728052,3.50085316238225e-06,0.0,0.0
30656,0,0.13681079790502967,0.006488270281051803,5.594337046452708e-06,0.0,0.0
65607,1,0.03627996785264928,0.0012065896955511597,1.706182832076048e-06,0.0,0.0
1905,1,0.04475412911450788,0.0009110513587503458,3.50085316238225e-06,0.0,0.0
104542,0,0.08282753297873573,0.003945406039842732,2.994441338322032e-06,0.0,0.0
105695,0,0.07597851644349832,0.006692851264816554,1.4593769169593532e-06,0.0,0.0
107296,1,0.08645883643331204,0.0013670255069146825,9.51625169373602e-06,0.0,0.0
98149,0,0.0527045156893843,0.002550912911214397,1.760343003490802e-06,0.0,0.0
40863,1,0.039112687218571265,0.0015978451647420651,1.5057011869226585e-06,0.0,0.0
64523,1,0.02680398106409653,0.00023050666092516467,4.785094494835719e-06,0.0,0.0
27076,0,0.1114108727712206,0.0012065896955511597,1.892514598661872e-05,0.0,0.0
117156,0,0.04542690008644406,0.0009697518580996581,3.393146430930522e-06,0.0,0.0
71717,1,0.061975618734590024,0.004905404780589826,1.2878956762413533e-06,0.0,0.0
79667,0,0.03573760942004991,0.0009399439131311984,2.1233789686808042e-06,0.0,0.0
69234,1,0.04821542601917247,0.0004173158237957614,8.93969950149795e-06,0.0,0.0
77854,1,0.1482636572485968,0.006289901135666448,6.962258739847377e-06,0.0,0.0
93766,0,0.05270452322485568,0.0013670255069146825,3.2887506336355264e-06,0.0,0.0
4912,1,0.09549749058569501,0.0035936023996747954,4.495180506736813e-06,0.0,0.0
42386,0,0.0727523083769648,0.003483424138929749,2.561281600094309e-06,0.0,0.0
118785,0,0.13316207987439388,0.0022518471900497736,1.520684036890683e-05,0.0,0.0
17222,0,0.09023367979809441,0.0010987313252676443,1.3007123813725573e-05,0.0,0.0
98248,0,0.03795500108382007,0.0010649624483902006,2.1233789686808042e-06,0.0,0.0
46463,1,0.024463992290958282,0.00021654407062505403,4.222834954820254e-06,0.0,0.0
19777,0,0.12270771589039349,0.007577241922677275,3.726638839912802e-06,0.0,0.0
39642,0,0.0676547824738217,0.001410358436282299,5.42221767718423e-06,0.0,0.0
93622,0,0.07597849778428847,0.0027149861050945762,3.6119822000929285e-06,0.0,0.0
53414,1,0.06475727387009618,0.004609572905819922,1.5057011869226585e-06,0.0,0.0
42674,0,0.03852968418040454,0.0010987313252676443,2.1233789686808042e-06,0.0,0.0
16377,0,0.07067216205474472,0.001987774066425167,4.222834954820254e-06,0.0,0.0
69190,1,0.0717052955922195,0.005911069753745469,1.4593769169593532e-06,0.0,0.0
117905,0,0.054286710623474295,0.0016484828588918183,2.9023119851992187e-06,0.0,0.0
5933,1,0.03627997764649402,0.000315038828619097,6.540436447118119e-06,0.0,0.0
38725,0,0.05041267958019597,0.000804085962940771,5.093706824804725e-06,0.0,0.0
96400,0,0.054286701583622414,0.001325022200004762,3.6119822000929285e-06,0.0,0.0
4481,1,0.08164825989949354,0.0015487614480278714,7.4112781047984106e-06,0.0,0.0
30979,0,0.03911269398700218,0.0009399439131311984,2.561281600094309e-06,0.0,0.0
4271,1,0.03573760474435645,0.0006878511561755446,2.9023119851992187e-06,0.0,0.0
43964,1,0.07275232941937969,0.0014550627830884635,6.144177531850823e-06,0.0,0.0
73730,1,0.09549752049035908,0.001987774066425167,8.13969650595823e-06,0.0,0.0
97804,0,0.08523268680015311,0.0017546144219260113,7.183263824896686e-06,0.0,0.0
69545,1,0.061073436372561817,0.0006667021610602238,9.223466811192458e-06,0.0,0.0
26084,0,0.06197561307675036,0.006097561309262689,1.0348532635506445e-06,0.0,0.0
7145,1,0.09549748585982522,0.006289901135666448,2.561281600094309e-06,0.0,0.0
55871,1,0.05591359787498442,0.00337661276801696,1.5057011869226585e-06,0.0,0.0
64751,1,0.0628902128333499,0.005730245984379375,1.1365639816447222e-06,0.0,0.0
47817,1,0.061975616771899174,0.0028895806206369976,2.190782104892756e-06,0.0,0.0
73787,1,0.09415633881195513,0.0028895806206369976,5.42221767718423e-06,0.0,0.0
55361,0,0.06965278165340136,0.0053849370015672145,1.5057011869226585e-06,0.0,0.0
79019,0,0.04475413424576402,0.0015011819937681247,2.1233789686808042e-06,0.0,0.0
113788,0,0.05192983217107095,0.0012065896955511597,3.6119822000929285e-06,0.0,0.0
21009,0,0.08770098848125664,0.002550912911214397,5.255398212958324e-06,0.0,0.0
51154,1,0.06667583347735373,0.004070137783849419,1.8162221872996068e-06,0.0,0.0
11098,1,0.08523267705215527,0.002182716953960533,5.771920030068829e-06,0.0,0.0
1159,0,0.09023367820038704,0.0031726830692822713,4.495180506736813e-06,0.0,0.0
34339,0,0.1161366426429282,0.00337661276801696,7.4112781047984106e-06,0.0,0.0
58625,1,0.03573761193539991,0.0009110513587503458,2.190782104892756e-06,0.0,0.0
47046,1,0.058440137533193375,0.0031726830692822713,1.760343003490802e-06,0.0,0.0
44424,1,0.05844012392469439,0.0006070754685282924,9.223466811192458e-06,0.0,0.0
76398,1,0.09415636171236692,0.0003920418525378508,4.006369219714334e-05,0.0,0.0
85027,0,0.045426887782817095,0.0009399439131311984,3.5008535797134407e-06,0.0,0.0
69279,1,0.05758629220403209,0.0008830457137489357,6.144177531850823e-06,0.0,0.0
111617,0,0.07820173131046712,0.00433150297248697,2.4061034870279747e-06,0.0,0.0
46234,0,0.11141089092345427,0.002182716953960533,1.0451548051167401e-05,0.0,0.0
71832,1,0.06965279172020918,0.0014550627830884635,5.594337046452708e-06,0.0,0.0
3434,1,0.09823113897155052,0.002631674240722588,6.540436447118119e-06,0.0,0.0
96457,0,0.055913599804588904,0.0029810329339968827,1.706182832076048e-06,0.0,0.0
49141,1,0.049669918627964424,0.000804085962940771,4.936989537931885e-06,0.0,0.0
32002,0,0.03215403259073994,0.0008295890015896191,1.9333584585511295e-06,0.0,0.0
13490,1,0.08523266740669656,0.0012065896955511597,1.0451548051167401e-05,0.0,0.0
60137,1,0.06571005096218241,0.0005884089269625609,1.2219074562959139e-05,0.0,0.0
39144,0,0.05349008734529388,0.0007096703049020562,6.540436447118119e-06,0.0,0.0
3176,0,0.05509451126936805,0.0015011819937681247,3.2887506336355264e-06,0.0,0.0
76307,0,0.023015897525140824,0.0005033355117032025,1.602810414617283e-06,0.0,0.0
104150,0,0.08164824337570856,0.0018102108585498632,6.339208136787267e-06,0.0,0.0
49101,1,0.02301590501871691,0.0003353500316799018,2.4061034870279747e-06,0.0,0.0
21151,0,0.04409087318863778,0.0035936023996747954,8.579234357751966e-07,0.0,0.0
109613,0,0.059305871340467976,0.00048785718098195605,1.1843143260537437e-05,0.0,0.0
64550,1,0.02680398106409653,0.00023050666092516467,4.785094494835719e-06,0.0,0.0
88103,0,0.16475232811764917,0.0029810329339968827,1.892514598661872e-05,0.0,0.0
50566,1,0.07381343233785825,0.00337661276801696,2.726469945665712e-06,0.0,0.0
117802,0,0.08523267954877352,0.0053849370015672145,2.3320756378558803e-06,0.0,0.0
12371,1,0.2071756119283652,0.0038244833439267808,2.5867434156255456e-05,0.0,0.0
48535,1,0.026000766152572078,0.000315038828619097,3.2887506336355264e-06,0.0,0.0
102897,0,0.06667584765490826,0.00337661276801696,2.190782104892756e-06,0.0,0.0
66084,1,0.10987340549430223,0.0015487614480278714,1.4285517648638257e-05,0.0,0.0
63959,1,0.06197562210481054,0.001987774066425167,3.1875663565705323e-06,0.0,0.0
17708,0,0.0657100394093831,0.001926734293943221,3.726638839912802e-06,0.0,0.0
107144,0,0.11141087132148655,0.004198795588833998,5.42221767718423e-06,0.0,0.0
119010,0,0.09152462601318861,0.0009399439131311984,1.568955720703011e-05,0.0,0.0
10209,1,0.15225346394320527,0.006097561309262689,7.646537349898716e-06,0.0,0.0
62637,1,0.04153049242765064,0.0021157031921723675,1.2878956762413533e-06,0.0,0.0
96888,0,0.08895919242822967,0.007345826954777488,1.8738753836477887e-06,0.0,0.0
75333,1,0.0928321077007063,0.0005193049800551674,2.931153155880896e-05,0.0,0.0
41295,1,0.01886484702434059,0.0005357805252560689,1.0030140882062788e-06,0.0,0.0
105783,0,0.09415636188667045,0.001987774066425167,7.889264466933239e-06,0.0,0.0
23099,0,0.058440135896370426,0.0014550627830884635,3.844935058717364e-06,0.0,0.0
29210,0,0.10103428990786963,0.0031726830692822713,5.771920030068829e-06,0.0,0.0
11337,1,0.033645221163917785,0.0006263341098699961,2.8130174840617977e-06,0.0,0.0
7890,1,0.22571619811038285,0.0027149861050945762,4.5397852420729034e-05,0.0,0.0
100156,0,0.05041266315416343,0.0015011819937681247,2.726469945665712e-06,0.0,0.0
74062,1,0.11454233075502573,0.0008295890015896191,2.931153155880896e-05,0.0,0.0
58122,1,0.05270451519642812,0.0007793661347695177,5.771920030068829e-06,0.0,0.0
27789,0,0.10390820624753715,0.010013570327733808,1.9333584585511295e-06,0.0,0.0
55176,1,0.0454268928133342,0.0010649624483902006,3.089495184583075e-06,0.0,0.0
28261,0,0.0727523083769648,0.003483424138929749,2.561281600094309e-06,0.0,0.0
25762,0,0.11775020555035202,0.0035936023996747954,7.183263824896686e-06,0.0,0.0
95081,0,0.10246232357716142,0.010328154175697756,1.8162221872996068e-06,0.0,0.0
79026,0,0.06965279346708472,0.004755200222770245,1.706182832076048e-06,0.0,0.0
8423,1,0.12270772131474321,0.0029810329339968827,9.51625169373602e-06,0.0,0.0
43692,0,0.017205689254662714,0.0003250358280631563,1.3709578605790399e-06,0.0,0.0
37865,0,0.06381738606846073,0.0013670255069146825,4.936990126459539e-06,0.0,0.0
50976,1,0.04343700462545096,0.0007554055970964759,3.966986387815789e-06,0.0,0.0
57899,1,0.039112708199822765,0.0005703158181576567,4.222834954820254e-06,0.0,0.0
52758,1,0.029361065570093235,0.0003459915412409113,3.844935058717364e-06,0.0,0.0
37293,0,0.14436055057576805,0.006488270281051803,6.339208136787267e-06,0.0,0.0
1388,1,0.044754127163487555,0.0007321813269898655,4.356878425291134e-06,0.0,0.0
368,0,0.10246233586690193,0.0031726830692822713,5.955140768331919e-06,0.0,0.0
18265,0,0.07933552113538624,0.0020507436161568606,5.255398212958324e-06,0.0,0.0
3835,1,0.08282754180430325,0.0020507436161568606,5.771920718126135e-06,0.0,0.0
42409,0,0.07820170884422901,0.001325022200004762,7.889264466933239e-06,0.0,0.0
37021,0,0.09962392587406668,0.003945406039842732,4.495180506736813e-06,0.0,0.0
15117,1,0.16691372340046443,0.0044683841359893966,1.3007123813725573e-05,0.0,0.0
59777,1,0.08282752478948631,0.004755200222770245,2.482479149356074e-06,0.0,0.0
83660,0,0.06765478743076908,0.002182716953960533,3.50085316238225e-06,0.0,0.0
520,0,0.08164824337570856,0.0018102108585498632,6.339208136787267e-06,0.0,0.0
7636,1,0.08282752663772384,0.00337661276801696,3.50085316238225e-06,0.0,0.0
21911,0,0.09283211877471376,0.0037072529053448575,4.092912025774258e-06,0.0,0.0
56315,1,0.06667583531746817,0.004198795588833998,1.760343003490802e-06,0.0,0.0
11078,1,0.08645884031033302,0.0028009272903275605,4.637872744428124e-06,0.0,0.0
33516,0,0.07488878577819158,0.0022518471900497736,4.222834954820254e-06,0.0,0.0
27128,1,0.1713045209009358,0.004070137783849419,1.520684036890683e-05,0.0,0.0
56588,1,0.07275230653149857,0.004905404780589826,1.8162221872996068e-06,0.0,0.0
2609,1,0.08645884787235983,0.0016484828588918183,7.889264466933239e-06,0.0,0.0
105106,0,0.04966991478431885,0.0015487614480278714,2.561281600094309e-06,0.0,0.0
96006,0,0.04966990728615437,0.0011695103004128338,3.3931435994777406e-06,0.0,0.0
88317,0,0.0647572829404202,0.0017007221768206937,4.092912025774258e-06,0.0,0.0
29855,0,0.16475233295637842,0.003075369179754187,1.8342897697990773e-05,0.0,0.0
64758,1,0.06289021771834002,0.005554925104976843,1.1726423529557974e-06,0.0,0.0
78660,0,0.22299713503598872,0.009708474753363424,1.2219074562959139e-05,0.0,0.0
11495,1,0.09023370377386244,0.0023967313911954784,5.955140768331919e-06,0.0,0.0
43954,1,0.07275230843505934,0.0012065896955511597,7.4112781047984106e-06,0.0,0.0
65436,1,0.025220968917620275,0.0003920418525378508,2.482479149356074e-06,0.0,0.0
36093,0,0.08282753671094446,0.010986941578116865,1.0677029973235123e-06,0.0,0.0
30058,0,0.11613667432255659,0.004070137783849419,6.144177531850823e-06,0.0,0.0
66105,1,0.04279239436720585,0.0010005044957413633,2.9023119851992187e-06,0.0,0.0
106065,0,0.07067216864569505,0.003707253343925564,2.2603251062511995e-06,0.0,0.0
112618,0,0.07170527692471046,0.0029810329339968827,2.9023119851992187e-06,0.0,0.0
45241,0,0.04409087242073293,0.0015978451647420651,1.9333584585511295e-06,0.0,0.0
78024,1,0.053490100705784194,0.0004044815611496185,1.1478769494667976e-05,0.0,0.0
44928,1,0.024463991531513646,0.0004173158237957614,2.190782104892756e-06,0.0,0.0
53909,1,0.07597848676715285,0.0038244833439267808,2.561281600094309e-06,0.0,0.0
40309,1,0.040304230711002954,0.0006263341098699961,4.092912025774258e-06,0.0,0.0
54622,1,0.04893754246438536,0.003075369179754187,1.248271341413489e-06,0.0,0.0
22482,0,0.23401362946163146,0.0013670255069146825,9.915273067156278e-05,0.0,0.0
108015,0,0.038529681778296916,0.0017007221768206937,1.3709578605790399e-06,0.0,0.0
82654,0,0.0954975280427739,0.002631674240722588,6.144177531850823e-06,0.0,0.0
91302,0,0.11296716830927901,0.0018675662743252222,1.2606949244634996e-05,0.0,0.0
68193,1,0.05591361391485771,0.0004728544379729081,1.0783316078719877e-05,0.0,0.0
30707,0,0.029809653776465286,0.0003353500316799018,4.092912025774258e-06,0.0,0.0
63611,1,0.05192984401238666,0.0015487614480278714,2.8130174840617977e-06,0.0,0.0
116370,0,0.061073455888318424,0.0028895806206369976,2.1233789686808042e-06,0.0,0.0
94316,0,0.05270451929877893,0.0023967313911954784,1.8738753836477887e-06,0.0,0.0
105132,0,0.16261345162028096,0.005554924449029013,9.818329324033296e-06,0.0,0.0
71407,1,0.12611164943834746,0.001987774066425167,1.520684036890683e-05,0.0,0.0
29942,0,0.284925338639109,0.025178841837756993,8.93969950149795e-06,0.0,1.0
14169,0,0.08523266192192429,0.00831578015177299,1.5057011869226585e-06,0.0,0.0
87922,0,0.0968557110155737,0.00857748525531428,1.9333584585511295e-06,0.0,0.0
48202,1,0.06289019837363027,0.0014550627830884635,4.495180506736813e-06,0.0,0.0
40158,1,0.028054247373895887,0.0004305570927227883,2.8130174840617977e-06,0.0,0.0
56727,1,0.06475727575252778,0.002631674240722588,2.642585190793824e-06,0.0,0.0
34729,0,0.07275232230846766,0.0018675662743252222,4.785094494835719e-06,0.0,0.0
101269,0,0.152253518176621,0.0023967313911954784,1.9525894515401004e-05,0.0,0.0
52415,1,0.06381738772763627,0.005554924449029013,1.2098659719807352e-06,0.0,0.0
47384,1,0.06571005708408843,0.005730245984379375,1.248271341413489e-06,0.0,0.0
109513,0,0.10685417476588825,0.0015011819937681247,1.3846011164630788e-05,0.0,0.0
69340,1,0.048937536827640286,0.0006667021610602238,5.771920718126135e-06,0.0,0.0
42473,0,0.05270452755217881,0.0031726830692822713,1.4144766730550664e-06,0.0,0.0
67509,1,0.054286708370249584,0.0017007221768206937,2.8130174840617977e-06,0.0,0.0
11833,1,0.06765478027837685,0.0017546144219260113,4.356878425291134e-06,0.0,0.0
33036,0,0.05270450161459045,0.0007096703049020562,6.339208136787267e-06,0.0,0.0
88482,0,0.051929834062518665,0.0015011819937681247,2.9023119851992187e-06,0.0,0.0
59214,0,0.06018358380635718,0.0009110513587503458,6.540436447118119e-06,0.0,0.0
11453,1,0.030726835951636656,0.0004173158237957614,3.50085316238225e-06,0.0,0.0
101381,0,0.07488877436602777,0.0052201262521444506,1.8162221872996068e-06,0.0,0.0
30762,0,0.04680141466456162,0.0010649624483902006,3.2887506336355264e-06,0.0,0.0
60749,1,0.06107346280434891,0.005060332552440032,1.2098659719807352e-06,0.0,0.0
46906,0,0.09685572592405256,0.00831578015177299,1.994729959312828e-06,0.0,0.0
42863,0,0.06289019634251085,0.0010322309782936526,6.339208136787267e-06,0.0,0.0
68282,1,0.05591360167719693,0.0004442183150875949,1.1478768126328688e-05,0.0,0.0
9773,1,0.09283213515589224,0.0018675662743252222,8.13969650595823e-06,0.0,0.0
113124,0,0.04750340356533631,0.0010322309782936526,3.50085316238225e-06,0.0,0.0
33795,0,0.13681080414647118,0.006097561309262689,5.955140768331919e-06,0.0,0.0
57985,1,0.05116593628125988,0.001410358436282299,2.994441338322032e-06,0.0,0.0
14680,1,0.06475728947988976,0.0002868540364001373,2.430025232305379e-05,0.0,0.0
91830,0,0.08402227311703403,0.006903836628141824,1.760343003490802e-06,0.0,0.0
14812,1,0.08402230621140934,0.0007793661347695177,1.568955720703011e-05,0.0,0.0
27481,0,0.06864706693613622,0.0011695103004128338,6.74805239431716e-06,0.0,0.0
27752,0,0.15428122350789736,0.0018675662743252222,2.5867434156255456e-05,0.0,0.0
32671,0,0.042156923512158356,0.003483424138929749,8.059445243531904e-07,0.0,0.0
60055,1,0.04215693146123047,0.0021157031921723675,1.3287778191852582e-06,0.0,0.0
39491,0,0.07933551476673566,0.002631674240722588,4.092912025774258e-06,0.0,0.0
90057,0,0.0593058610928503,0.0015487614480278714,3.726638839912802e-06,0.0,0.0
99934,0,0.10685418109252738,0.001410358436282299,1.4738989000878718e-05,0.0,0.0
110864,0,0.09823115368775448,0.004198795588833998,4.092912025774258e-06,0.0,0.0
79514,0,0.05930584238509603,0.0023231620509800107,2.482479149356074e-06,0.0,0.0
5187,1,0.0968557043959705,0.0035936023996747954,4.637872744428124e-06,0.0,0.0
88460,0,0.05509450333327382,0.0028009272903275605,1.760343003490802e-06,0.0,0.0
113784,0,0.0686470530184185,0.0031726830692822713,2.482479149356074e-06,0.0,0.0
118130,0,0.07381341660686906,0.0014550627830884635,6.339208136787267e-06,0.0,0.0
81841,1,0.03970419599997407,0.00012731110128927852,1.9525894515401004e-05,0.0,0.0
7168,1,0.06018357286311868,0.0015978451647420651,3.726638839912802e-06,0.0,0.0
48147,1,0.050412682903054215,0.0007793661347695177,5.255398212958324e-06,0.0,0.0
25246,0,0.061073453244496055,0.0012843081308850904,4.785094494835719e-06,0.0,0.0
64950,1,0.0248396639382339,0.00036829785714047883,2.561281600094309e-06,0.0,0.0
41546,0,0.04542690726627516,0.0023967313911954784,1.3709578605790399e-06,0.0,0.0
51331,1,0.03264386015965149,0.0009110513587503458,1.8162221872996068e-06,0.0,0.0
110320,0,0.05930586336580256,0.0011335688164599627,5.093706824804725e-06,0.0,0.0
6526,1,0.06571003643972242,0.0016484828588918183,4.356878425291134e-06,0.0,0.0
14186,0,0.04409087318863778,0.0035936023996747954,8.579234357751966e-07,0.0,0.0
672,1,0.09152462612858857,0.0020507436161568606,7.183263824896686e-06,0.0,0.0
14156,0,0.16909778110313314,0.002550912911214397,2.3552612921234377e-05,0.0,0.0
48848,1,0.06571006097206245,0.005911069753745469,1.2098659719807352e-06,0.0,0.0
113632,0,0.06864705227417958,0.004905405360218095,1.602810605686697e-06,0.0,0.0
95986,0,0.06289020722763308,0.001325022200004762,4.936989537931885e-06,0.0,0.0
98825,0,0.04750341995504804,0.0031726830692822713,1.1365639816447222e-06,0.0,0.0
85541,0,0.12439968939181979,0.006097561309262689,4.785094494835719e-06,0.0,0.0
102940,0,0.06018357214871244,0.0017546144219260113,3.3931435994777406e-06,0.0,0.0
114367,0,0.05509449982722301,0.0017007221768206937,2.9023119851992187e-06,0.0,0.0
18056,0,0.15225348003205938,0.003483424138929749,1.3420015103331787e-05,0.0,0.0
93393,0,0.08402228318764492,0.006692851264816554,1.8162221872996068e-06,0.0,0.0
118273,0,0.046801416347335145,0.0032730656975854832,1.0677029973235123e-06,0.0,0.0
19676,0,0.20717560910381103,0.011687259437185585,8.398071033533918e-06,0.0,0.0
111611,0,0.057586272157771574,0.0015011819937681247,3.6119822000929285e-06,0.0,0.0
47,0,0.048215409341035576,0.0004442183150875949,8.398071033533918e-06,0.0,0.0
19381,0,0.05428671488793085,0.0027149861050945762,1.760343003490802e-06,0.0,0.0
118163,0,0.1313688301087029,0.010013570327733808,3.2887506336355264e-06,0.0,0.0
83186,0,0.0302648791658871,0.002182716953960533,6.475945666070602e-07,0.0,0.0
88270,0,0.07381344528676716,0.004070137783849419,2.2603251062511995e-06,0.0,0.0
25413,0,0.10103428649237614,0.0028009272903275605,6.540436447118119e-06,0.0,0.0
93223,0,0.07170526221708991,0.003483424138929749,2.482479149356074e-06,0.0,0.0
114813,0,0.055913623033590834,0.002182716953960533,2.3320756378558803e-06,0.0,0.0
59651,1,0.06197561718474591,0.00337661276801696,1.8738753836477887e-06,0.0,0.0
35484,0,0.16261341932844436,0.001410358436282299,3.883110058169922e-05,0.0,0.0
15326,0,0.07933551491437801,0.0012065896955511597,8.93969950149795e-06,0.0,0.0
18743,0,0.16049698112039776,0.009125636757578982,5.771920718126135e-06,0.0,0.0
92978,0,0.07820172649355488,0.007577241922677275,1.3709578605790399e-06,0.0,0.0
8278,1,0.04279238864603503,0.0006070754685282924,4.785094494835719e-06,0.0,0.0
70598,1,0.03415695136941311,0.0011335688164599627,1.602810414617283e-06,0.0,0.0
107627,0,0.08895918582357436,0.0037072529053448575,3.726638839912802e-06,0.0,0.0
17805,0,0.06107344676263869,0.0021157029409860713,2.9023119851992187e-06,0.0,0.0
31425,0,0.08402230090034916,0.0023231623267394954,5.255398212958324e-06,0.0,0.0
67017,1,0.054286708370249584,0.0017007221768206937,2.8130174840617977e-06,0.0,0.0
79727,0,0.1024623208790103,0.005060332552440032,3.726638839912802e-06,0.0,0.0
72128,1,0.08402227863616747,0.007345826954777488,1.6536891917493862e-06,0.0,0.0
53497,1,0.0559136138814909,0.0009697518580996581,5.255398212958324e-06,0.0,0.0
62167,1,0.06197560636633251,0.0017007221768206937,3.726638839912802e-06,0.0,0.0
112632,0,0.08164827040058888,0.0015978451647420651,7.183263824896686e-06,0.0,0.0
8353,1,0.08402228659169637,0.0021157031921723675,5.771920718126135e-06,0.0,0.0
17033,0,0.09415635644556174,0.0020507436161568606,7.646537349898716e-06,0.0,0.0
2535,0,0.11454235815879979,0.001410358436282299,1.7231574803700495e-05,0.0,0.0
35724,0,0.08523266174889567,0.0022518471900497736,5.594337046452708e-06,0.0,0.0
24761,0,0.19709744511723748,0.0022518471900497736,3.883110058169922e-05,0.0,0.0
112484,0,0.046109286038987986,0.001410358436282299,2.4061034870279747e-06,0.0,0.0
79764,0,0.19958184999942477,0.0052201262521444506,1.7231574803700495e-05,0.0,0.0
68028,1,0.06289020737880156,0.0022518471900497736,2.9023119851992187e-06,0.0,0.0
26296,0,0.08164825750378318,0.001987774066425167,5.771920030068829e-06,0.0,0.0
96817,0,0.12270773602790536,0.0032730656975854832,8.664654180478202e-06,0.0,0.0
105620,0,0.0657100536891458,0.0023231623267394954,3.089495184583075e-06,0.0,0.0
33142,0,0.06864704775975611,0.0018102108585498632,4.356878425291134e-06,0.0,0.0
78796,0,0.03852966827543382,0.0008830457137489357,2.642585190793824e-06,0.0,0.0
72077,1,0.07933549426584909,0.004070137783849419,2.642585190793824e-06,0.0,0.0
45473,0,0.05349009153346146,0.002472622943003016,1.8738753836477887e-06,0.0,0.0
66069,1,0.06475727961249106,0.0015487614480278714,4.495180506736813e-06,0.0,0.0
18964,0,0.09415635906719277,0.0023967313911954784,6.540436447118119e-06,0.0,0.0
7783,1,0.06018356908346602,0.0013670255069146825,4.356878425291134e-06,0.0,0.0
88312,0,0.040912969804693035,0.0007793661347695177,3.393146430930522e-06,0.0,0.0
113102,0,0.08048431536244142,0.0013670255069146825,8.13969650595823e-06,0.0,0.0
81576,1,0.10103430247010968,0.0008559005270359918,2.1444958641491428e-05,0.0,0.0
51301,1,0.09023368538716806,0.0037072529053448575,3.844935058717364e-06,0.0,0.0
20798,0,0.06381737536126818,0.004070137783849419,1.6536891917493862e-06,0.0,0.0
118133,0,0.051929837401167814,0.0022518471900497736,1.9333584585511295e-06,0.0,0.0
84588,0,0.09283209980373605,0.0023231623267394954,6.540436447118119e-06,0.0,0.0
35025,0,0.09415636487597201,0.0027149861050945762,5.771920030068829e-06,0.0,0.0
58195,1,0.06765479433631863,0.0010005044957413633,7.646537349898716e-06,0.0,0.0
116726,0,0.07275232841080445,0.00433150297248697,2.058049354947254e-06,0.0,0.0
18322,0,0.1210355647430023,0.0018102108585498632,1.520684036890683e-05,0.0,0.0
23026,0,0.09549748585982522,0.006289901135666448,2.561281600094309e-06,0.0,0.0
18888,0,0.35616802941254744,0.006289901135666448,7.031182573275366e-05,0.0,0.0
59883,1,0.03314089360129828,0.0005703158181576567,2.994441338322032e-06,0.0,0.0
59996,1,0.0373885549530782,0.0005033355117032025,4.356878425291134e-06,0.0,0.0
57717,1,0.0657100332909543,0.0005527785524441058,1.3007123813725573e-05,0.0,0.0
72624,1,0.05349009750980771,0.0011695103004128338,3.966986387815789e-06,0.0,0.0
36499,0,0.04215692010267692,0.0006070754685282924,4.637872744428124e-06,0.0,0.0
118201,0,0.06018358409992614,0.0031726830692822713,1.8738753836477887e-06,0.0,0.0
29818,0,0.0852326753914601,0.0031726830692822713,3.966986387815789e-06,0.0,0.0
62181,1,0.05270451173089232,0.000804085962940771,5.594337046452708e-06,0.0,0.0
59656,1,0.07381342380611079,0.003483424138929749,2.642585190793824e-06,0.0,0.0
21494,0,0.08645883780048975,0.007345826954777488,1.760343003490802e-06,0.0,0.0
1653,1,0.06381738649980545,0.0015978451647420651,4.222834954820254e-06,0.0,0.0
87208,0,0.035737601531982056,0.0007793661347695177,2.561281600094309e-06,0.0,0.0
90945,0,0.07381343092111801,0.002550912911214397,3.6119822000929285e-06,0.0,0.0
80265,1,0.061073454347557656,0.00037998453259431635,1.6187581434031322e-05,0.0,0.0
35450,0,0.13316208107203903,0.0017007221768206937,2.0145693250337525e-05,0.0,0.0
65271,1,0.025607972092767148,0.0003920418525378508,2.561281600094309e-06,0.0,0.0
45162,0,0.03627997703526308,0.0009399439131311984,2.190782104892756e-06,0.0,0.0
115636,0,0.056744155828559455,0.0018675662743252222,2.8130174840617977e-06,0.0,0.0
74822,1,0.07275231047826951,0.00037998453259431635,2.3552612921234377e-05,0.0,0.0
77462,0,0.1313688068992066,0.0038244833439267808,8.664654180478202e-06,0.0,0.0
67806,1,0.15840281961358743,0.0028895806206369976,1.777854550238982e-05,0.0,0.0
73288,1,0.08164826124034633,0.005730245984379375,1.994729959312828e-06,0.0,0.0
29621,0,0.09152460396642075,0.0017007221768206937,8.664654180478202e-06,0.0,0.0
109889,0,0.08895917798880339,0.0007793661347695177,1.777854550238982e-05,0.0,0.0
42826,0,0.06107346137655922,0.0007793661347695177,7.889264466933239e-06,0.0,0.0
24615,0,0.08895918528524879,0.002182716953960533,6.339208136787267e-06,0.0,0.0
62489,1,0.035203050821140794,0.0017007221768206937,1.1365639816447222e-06,0.0,0.0
31481,0,0.06765479912811652,0.0012843081308850904,5.955140768331919e-06,0.0,0.0
69383,1,0.06571004977607392,0.0018102108585498632,3.966986387815789e-06,0.0,0.0
44237,0,0.04680140798838426,0.0008830457137489357,3.966986387815789e-06,0.0,0.0
98978,0,0.04091296700797336,0.0011695103004128338,2.2603251062511995e-06,0.0,0.0
44034,0,0.020680634795827227,0.00037998453259431635,1.706182832076048e-06,0.0,0.0
72462,1,0.053490087902654825,0.0012843081308850904,3.6119822000929285e-06,0.0,0.0
93760,0,0.05930587230228617,0.0009399439131311984,6.144177531850823e-06,0.0,0.0
43899,1,0.06571004751467747,0.0007554055970964759,9.51625169373602e-06,0.0,0.0
22205,0,0.08770097106368893,0.00337661276801696,3.966986387815789e-06,0.0,0.0
92983,0,0.1647523349338221,0.004905405360218095,1.1478769494667976e-05,0.0,0.0
104800,0,0.09023367823890321,0.005554925104976843,2.561281600094309e-06,0.0,0.0
22228,0,0.05930584348251507,0.001325022200004762,4.356878425291134e-06,0.0,0.0
91511,0,0.07170528547200059,0.007577241922677275,1.1365639816447222e-06,0.0,0.0
108480,0,0.0804842845673143,0.003075369179754187,3.6119822000929285e-06,0.0,0.0
88944,0,0.054286718814469344,0.0011695103004128338,4.092912025774258e-06,0.0,0.0
38602,0,0.03911269112774615,0.0006878511561755446,3.50085316238225e-06,0.0,0.0
59955,1,0.0373885549530782,0.0005033355117032025,4.356878425291134e-06,0.0,0.0
71812,1,0.0759784875633923,0.0015011819937681247,6.540436447118119e-06,0.0,0.0
12401,1,0.09685571101489747,0.0028895806206369976,5.771920718126135e-06,0.0,0.0
9129,0,0.11938310463545344,0.004755200222770245,5.594337046452708e-06,0.0,0.0
10115,1,0.10987340205459477,0.004609572905819922,4.785094494835719e-06,0.0,0.0
14023,0,0.12784374375268096,0.0021157029409860713,1.4738989000878718e-05,0.0,0.0
94315,0,0.032643852127146815,0.0006462031557728052,2.561281600094309e-06,0.0,0.0
95749,0,0.04215692527496506,0.0031726830692822713,8.851568248941973e-07,0.0,0.0
104223,0,0.04343700973234392,0.0022518471900497736,1.3287778191852582e-06,0.0,0.0
68989,1,0.036830254979798235,0.0010649624483902006,1.994729959312828e-06,0.0,0.0
7387,1,0.0657100536891458,0.0023231623267394954,3.089495184583075e-06,0.0,0.0
26923,0,0.07275230644479777,0.001926734293943221,4.637872744428124e-06,0.0,0.0
93753,0,0.07170526515403478,0.005554925104976843,1.5534971990199408e-06,0.0,0.0
94883,0,0.02680398338428132,0.0004173158237957614,2.642585190793824e-06,0.0,0.0
59383,1,0.05674414930745628,0.0009399439131311984,5.594337046452708e-06,0.0,0.0
39229,0,0.06571004977607392,0.0018102108585498632,3.966986387815789e-06,0.0,0.0
48530,1,0.03970419005239959,0.0004044815611496185,6.144177531850823e-06,0.0,0.0
112144,0,0.07381344000207343,0.0028895806206369976,3.1875663565705323e-06,0.0,0.0
111134,0,0.08645885157431878,0.003945406039842732,3.2887506336355264e-06,0.0,0.0
118342,0,0.06765480624416033,0.00337661276801696,2.2603251062511995e-06,0.0,0.0
53979,1,0.05349010599731294,0.003707253343925564,1.248271341413489e-06,0.0,0.0
101579,0,0.06381739219979046,0.0032730656975854832,2.058049354947254e-06,0.0,0.0
80822,0,0.03627997703526308,0.0009399439131311984,2.190782104892756e-06,0.0,0.0
51255,1,0.04409088410320406,0.0015487614480278714,1.994729959312828e-06,0.0,0.0
39415,0,0.05674414163098232,0.0012065896955511597,4.356878425291134e-06,0.0,0.0
35294,0,0.07708276051186252,0.0015487614480278714,6.540436447118119e-06,0.0,0.0
19444,0,0.13497606814275273,0.00831578015177299,4.222834954820254e-06,0.0,0.0
100984,0,0.0840223034364074,0.00857748525531428,1.4144766730550664e-06,0.0,0.0
294,0,0.08282755790046246,0.005060332552440032,2.3320756378558803e-06,0.0,0.0
61190,1,0.15024763349040882,0.003483424138929749,1.3007123813725573e-05,0.0,0.0
116707,0,0.13136884423803571,0.0023967313911954784,1.3846011164630788e-05,0.0,0.0
75270,1,0.11141087489280015,0.0006462031557728052,3.5356254934266316e-05,0.0,0.0
58288,1,0.06571005689106363,0.003075369179754187,2.3320756378558803e-06,0.0,0.0
16523,0,0.07488876693316394,0.0014550627830884635,6.540436447118119e-06,0.0,0.0
51449,1,0.034156956110562756,0.0006878511561755446,2.642585190793824e-06,0.0,0.0
100472,0,0.05192984245632595,0.001926734293943221,2.2603251062511995e-06,0.0,0.0
50560,1,0.032643852127146815,0.0006462031557728052,2.561281600094309e-06,0.0,0.0
38877,0,0.06289019837363027,0.0014550627830884635,4.495180506736813e-06,0.0,0.0
59750,1,0.040304227414935036,0.0008559005270359918,2.994441338322032e-06,0.0,0.0
112134,0,0.06475729780659938,0.002182716953960533,3.1875663565705323e-06,0.0,0.0
45669,0,0.1295960518427257,0.0017007221768206937,1.892514598661872e-05,0.0,0.0
16180,0,0.07708276671944052,0.001987774066425167,5.093706824804725e-06,0.0,0.0
84631,0,0.09152459527073765,0.007815887019844698,1.8738753836477887e-06,0.0,0.0
95929,0,0.05116593708664784,0.0015487614480278714,2.726469945665712e-06,0.0,0.0
70784,1,0.0489375351360264,0.0010322309782936526,3.726638839912802e-06,0.0,0.0
28041,0,0.13136884484802278,0.0015487614480278714,2.1444958641491428e-05,0.0,0.0
109545,0,0.06018358854110329,0.0015487614480278714,3.844935058717364e-06,0.0,0.0
50363,1,0.06289021863080506,0.0032730656975854832,1.994729959312828e-06,0.0,0.0
67598,1,0.044754129338507,0.0011335688164599627,2.8130174840617977e-06,0.0,0.0
8835,1,0.058440142681250355,0.0004442183150875949,1.2606949244634996e-05,0.0,0.0
92104,0,0.07067214829240125,0.005060332552440032,1.6536891917493862e-06,0.0,0.0
104596,0,0.04153049242765064,0.0021157031921723675,1.2878956762413533e-06,0.0,0.0
49347,1,0.06289019577703277,0.003945406039842732,1.6536891917493862e-06,0.0,0.0
29668,0,0.0770827560609542,0.003483424138929749,2.9023119851992187e-06,0.0,0.0
39184,0,0.040304227414935036,0.0008559005270359918,2.994441338322032e-06,0.0,0.0
115211,0,0.040304224652401875,0.0008830457137489357,2.9023119851992187e-06,0.0,0.0
70221,1,0.04279239669416518,0.0007321813269898655,3.966986387815789e-06,0.0,0.0
24880,0,0.06018356972570178,0.0038244833439267808,1.5534971990199408e-06,0.0,0.0
50136,1,0.09823113565508612,0.0018102108585498632,9.51625169373602e-06,0.0,0.0
59163,1,0.042792384129225924,0.0011335688164599627,2.561281600094309e-06,0.0,0.0
36732,0,0.07820170113280832,0.0023967313911954784,4.356878425291134e-06,0.0,0.0
43307,1,0.02036654126374028,0.00037998453259431635,1.6536891917493862e-06,0.0,0.0
29410,0,0.1193830783472126,0.016914910014503882,1.5534971990199408e-06,0.0,1.0
60491,1,0.05428672987757099,0.0032730656975854832,1.4593769169593532e-06,0.0,0.0
105637,0,0.06289020776997901,0.006097561309262689,1.0677029973235123e-06,0.0,0.0
52606,1,0.033645221084493,0.0020507436161568606,8.579234357751966e-07,0.0,0.0
53342,1,0.058440135047760015,0.0028895806206369976,1.9333584585511295e-06,0.0,0.0
57773,1,0.03911268915779302,0.0006667021610602238,3.6119822000929285e-06,0.0,0.0
104345,0,0.07708275356819853,0.005911069753745469,1.706182832076048e-06,0.0,0.0
11745,1,0.10685417341863963,0.0023231623267394954,8.93969950149795e-06,0.0,0.0
11401,1,0.06571004556266793,0.0012843081308850904,5.594337046452708e-06,0.0,0.0
99321,0,0.04680140798838426,0.0008830457137489357,3.966986387815789e-06,0.0,0.0
76042,1,0.08282753164626763,0.0012843082836406087,9.22346791068853e-06,0.0,0.0
114529,0,0.06765479969750154,0.0018102108585498632,4.222834954820254e-06,0.0,0.0
86934,0,0.053490081183648105,0.0028895806206369976,1.602810414617283e-06,0.0,0.0
69772,1,0.04030422595375037,0.0009399439131311984,2.726469945665712e-06,0.0,0.0
109972,0,0.03738856808112888,0.0017546144219260113,1.2482711926084274e-06,0.0,0.0
49534,1,0.07708275689743449,0.003707253343925564,2.726469945665712e-06,0.0,0.0
90103,0,0.04343700714930804,0.001325022200004762,2.2603251062511995e-06,0.0,0.0
92438,0,0.057586286527892834,0.0028009272903275605,1.9333584585511295e-06,0.0,0.0
80524,1,0.11613666224049772,0.003075369179754187,8.13969650595823e-06,0.0,0.0
63455,1,0.05844015500453269,0.0010987313252676443,5.093706824804725e-06,0.0,0.0
85920,0,0.06571004284725937,0.004609572905819922,1.5534971990199408e-06,0.0,0.0
22881,0,0.039112688969718236,0.0009697518580996581,2.482479149356074e-06,0.0,0.0
111571,0,0.05674416589468947,0.0012448435228145033,4.222834954820254e-06,0.0,0.0
5113,0,0.043437001773905276,0.0006070754685282924,4.936989537931885e-06,0.0,0.0
57546,1,0.06864705403072441,0.005060332552440032,1.5534971990199408e-06,0.0,0.0
111369,0,0.04610928573426891,0.0010322309782936526,3.2887506336355264e-06,0.0,0.0
60121,1,0.06107347219694651,0.002550912911214397,2.4061034870279747e-06,0.0,0.0
110520,0,0.061975616771899174,0.0028895806206369976,2.190782104892756e-06,0.0,0.0
7109,1,0.0727523113768445,0.002550912911214397,3.50085316238225e-06,0.0,0.0
88401,0,0.0461092754526861,0.0011335688164599627,2.994441338322032e-06,0.0,0.0
88379,0,0.07170526221708991,0.003483424138929749,2.482479149356074e-06,0.0,0.0
46275,1,0.0454268928133342,0.0010649624483902006,3.089495184583075e-06,0.0,0.0
21550,0,0.12959603558887137,0.009125635688067147,3.50085316238225e-06,0.0,0.0
424,0,0.10987337338579599,0.004905404780589826,4.495180506736813e-06,0.0,0.0
101956,0,0.05428671488793085,0.0027149861050945762,1.760343003490802e-06,0.0,0.0
14542,0,0.12784372313113102,0.0037072529053448575,8.398071033533918e-06,0.0,0.0
34681,0,0.09283211325482826,0.0027149861050945762,5.594337046452708e-06,0.0,0.0
37109,0,0.051165922998163776,0.0009697518580996581,4.356878425291134e-06,0.0,0.0
26492,0,0.05509450762332806,0.0006263341098699961,7.889264466933239e-06,0.0,0.0
18889,0,0.07708276671944052,0.001987774066425167,5.093706824804725e-06,0.0,0.0
32860,0,0.053490088500951334,0.0015978451647420651,2.9023119851992187e-06,0.0,0.0
45537,0,0.042792392250000554,0.0010987313252676443,2.642585190793824e-06,0.0,0.0
114317,0,0.1482636663737922,0.0032730656975854832,1.3420015103331787e-05,0.0,0.0
88288,0,0.08164826089110824,0.004070137783849419,2.8130174840617977e-06,0.0,0.0
110961,0,0.07597851570792578,0.00712142895975136,1.3709578605790399e-06,0.0,0.0
58930,1,0.042156927775765886,0.001410358436282299,1.994729959312828e-06,0.0,0.0
39874,0,0.06018356908346602,0.0013670255069146825,4.356878425291134e-06,0.0,0.0
18323,0,0.04821541057584502,0.001325022200004762,2.8130174840617977e-06,0.0,0.0
71641,1,0.05758629900567257,0.0023967313911954784,2.2603251062511995e-06,0.0,0.0
79943,1,0.19709745372813664,0.0029810329339968827,2.931153155880896e-05,0.0,0.0
30980,0,0.03911269398700218,0.0009399439131311984,2.561281600094309e-06,0.0,0.0
111700,0,0.06765479261519118,0.0038244833439267808,1.994729959312828e-06,0.0,0.0
56182,1,0.05041266766666471,0.0008295890015896191,4.936989537931885e-06,0.0,0.0
6532,1,0.07488877950688042,0.0013670255069146825,6.962257909890453e-06,0.0,0.0
2759,0,0.10987341103722573,0.0032730656975854832,6.74805239431716e-06,0.0,0.0
12847,1,0.0559135980340737,0.0006878511561755446,7.4112781047984106e-06,0.0,0.0
107199,0,0.057586286527892834,0.0028009272903275605,1.9333584585511295e-06,0.0,0.0
5761,1,0.06571005872061837,0.0022518471900497736,3.1875663565705323e-06,0.0,0.0
19650,0,0.23966174584510616,0.013636837849485767,1.0451548051167401e-05,0.0,1.0
15300,1,0.08645884813448676,0.0005703158181576567,2.2827997186908663e-05,0.0,0.0
105868,0,0.037954994361137195,0.0013670255069146825,1.6536891917493862e-06,0.0,0.0
38474,0,0.22030154430251153,0.004198795588833998,2.753568782174604e-05,0.0,0.0
65888,1,0.06381737789296463,0.00433150297248697,1.5534971990199408e-06,0.0,0.0
73269,1,0.05674414469375256,0.0028895806206369976,1.8162221872996068e-06,0.0,0.0
100166,0,0.04279240125062313,0.002550912911214397,1.1365639816447222e-06,0.0,0.0
55529,1,0.071705259636729,0.005730245984379375,1.5057011869226585e-06,0.0,0.0
42883,0,0.08523268346071543,0.0038244833439267808,3.2887506336355264e-06,0.0,0.0
25482,0,0.16261342101634368,0.0028895806206369976,1.892514598661872e-05,0.0,0.0
46809,0,0.17130453970727624,0.003945406039842732,1.568955720703011e-05,0.0,0.0
113695,0,0.08523266691406525,0.006097561309262689,2.058049354947254e-06,0.0,0.0
115412,0,0.04680141661738986,0.0028009272903275605,1.2482711926084274e-06,0.0,0.0
90874,0,0.07170526073708669,0.0053849370015672145,1.602810605686697e-06,0.0,0.0
30922,0,0.0840222746884582,0.0016484828588918183,7.4112781047984106e-06,0.0,0.0
48096,1,0.02446398514133539,0.00023050666092516467,3.966986387815789e-06,0.0,0.0
52491,1,0.036830254843546587,0.0021157031921723675,1.0030140882062788e-06,0.0,0.0
62572,1,0.06381739219979046,0.0032730656975854832,2.058049354947254e-06,0.0,0.0
49294,1,0.08164827396717504,0.003707253343925564,3.089495184583075e-06,0.0,0.0
37843,0,0.09962395233370985,0.0020507436161568606,8.664654180478202e-06,0.0,0.0
71525,1,0.055913593594577156,0.0011335688164599627,4.495180506736813e-06,0.0,0.0
63263,1,0.05192984300086241,0.0035936023996747954,1.2098659719807352e-06,0.0,0.0
80732,0,0.050412671299065605,0.001987774066425167,2.058049354947254e-06,0.0,0.0
5285,1,0.043437012066463804,0.00030534899065814974,9.818329324033296e-06,0.0,0.0
113353,0,0.05270450083319649,0.001325022200004762,3.3931435994777406e-06,0.0,0.0
37032,0,0.08048432335404253,0.002182716953960533,5.093706824804725e-06,0.0,0.0
41427,0,0.0717052955922195,0.005911069753745469,1.4593769169593532e-06,0.0,0.0
95586,0,0.049669925939387294,0.0012065896955511597,3.2887506336355264e-06,0.0,0.0
105874,0,0.048215402110867354,0.0015011819937681247,2.482479149356074e-06,0.0,0.0
100205,0,0.10246230644746636,0.006903836628141824,2.726469945665712e-06,0.0,0.0
75100,1,0.09415635416588594,0.0005193049800551674,3.02419513100631e-05,0.0,0.0
36834,0,0.07275234095242795,0.0027149861050945762,3.2887506336355264e-06,0.0,0.0
11288,1,0.0686470717929812,0.0015011819937681247,5.255398212958324e-06,0.0,0.0
66299,1,0.07708275689743449,0.003707253343925564,2.726469945665712e-06,0.0,0.0
78799,0,0.03852966827543382,0.0008830457137489357,2.642585190793824e-06,0.0,0.0
76238,1,0.12611169236930952,0.0015487614480278714,1.9525894515401004e-05,0.0,0.0
93070,0,0.06965279346708472,0.004755200222770245,1.706182832076048e-06,0.0,0.0
105590,0,0.05116594000850912,0.0010987313252676443,3.844935058717364e-06,0.0,0.0
33102,0,0.13681078195819923,0.014063626423394072,2.561281600094309e-06,0.0,1.0
26475,0,0.16049697114482814,0.011331753760907875,4.637872744428124e-06,0.0,0.0
78137,0,0.03795501330502015,0.00433150297248697,5.203573532958167e-07,0.0,0.0
78264,1,0.22571623657635134,0.006289901135666448,1.9525894515401004e-05,0.0,0.0
74039,1,0.1068541509958915,0.0006263341098699961,3.3214190970250366e-05,0.0,0.0
89844,0,0.04409087443489927,0.0037072529053448575,8.315279285380715e-07,0.0,0.0
17560,0,0.09023370228460104,0.0010322309782936526,1.3846011164630788e-05,0.0,0.0
83448,0,0.054286701637424585,0.001410358436282299,3.3931435994777406e-06,0.0,0.0
4884,1,0.03520304914660361,0.0006878511561755446,2.8130174840617977e-06,0.0,0.0
50138,0,0.06381738151660735,0.003483424138929749,1.9333584585511295e-06,0.0,0.0
113045,0,0.06965280439037683,0.001987774066425167,4.092912025774258e-06,0.0,0.0
45855,0,0.08282754990900318,0.0014550627830884635,8.13969650595823e-06,0.0,0.0
63819,1,0.06197561325262953,0.0023967313911954784,2.642585190793824e-06,0.0,0.0
69140,1,0.07488878651224475,0.0028895806206369976,3.2887506336355264e-06,0.0,0.0
18770,0,0.11296716349508718,0.0015011819937681247,1.568955720703011e-05,0.0,0.0
56364,1,0.0928321262257544,0.004755200222770245,3.1875663565705323e-06,0.0,0.0
18302,0,0.12439969022848314,0.005220125635523485,5.594337046452708e-06,0.0,0.0
113887,0,0.10390818036255733,0.007815887019844698,2.482479149356074e-06,0.0,0.0
61915,1,0.05041267051999074,0.0008295890015896191,4.936990126459539e-06,0.0,0.0
17851,0,0.028919022743989206,0.0008295890015896191,1.5534971990199408e-06,0.0,0.0
1630,0,0.0816482673105621,0.0016484828588918183,6.962257909890453e-06,0.0,0.0
70725,1,0.03364522034071844,0.0010987313252676443,1.602810414617283e-06,0.0,0.0
31094,0,0.09152459512418121,0.0017546144219260113,8.398070032421943e-06,0.0,0.0
48341,1,0.05674416219054654,0.004609572905819922,1.1365639816447222e-06,0.0,0.0
90268,0,0.0666758453219946,0.0018675662743252222,3.966986387815789e-06,0.0,0.0
92857,0,0.06864705740982247,0.0044683841359893966,1.760343003490802e-06,0.0,0.0
27310,0,0.08282753652821845,0.0013670255069146825,8.664654180478202e-06,0.0,0.0
37585,0,0.10246231013021312,0.005220125635523485,3.6119822000929285e-06,0.0,0.0
74696,1,0.04750342070242066,0.00016865273148773866,2.1444958641491428e-05,0.0,0.0
99851,0,0.07708274119496399,0.003945406039842732,2.561281600094309e-06,0.0,0.0
103061,0,0.1349760328825946,0.004198795588833998,8.398071033533918e-06,0.0,0.0
71083,1,0.058440156926092654,0.0009110513587503458,6.144177531850823e-06,0.0,0.0
75474,1,0.07708274906748594,0.0004305570927227883,2.3552612921234377e-05,0.0,0.0
91967,0,0.10103425979500395,0.011687255295588348,1.5534971990199408e-06,0.0,0.0
22423,0,0.1405432941106652,0.002550912911214397,1.520684036890683e-05,0.0,0.0
104195,0,0.034676200521859345,0.001987774066425167,9.422445939067078e-07,0.0,0.0
9017,1,0.09549748791958197,0.0017546144219260113,9.223466811192458e-06,0.0,0.0
59518,1,0.06864705475239823,0.0017546144219260113,4.495180506736813e-06,0.0,0.0
83302,0,0.07275230343667378,0.001410358436282299,6.339208136787267e-06,0.0,0.0
21672,0,0.09283212805236064,0.0015487614480278714,9.818329324033296e-06,0.0,0.0
65361,1,0.05844014129580882,0.0007321813269898655,7.646537349898716e-06,0.0,0.0
89055,0,0.07488878452827386,0.003945406039842732,2.4061034870279747e-06,0.0,0.0
61535,1,0.04409088410320406,0.0015487614480278714,1.994729959312828e-06,0.0,0.0
26272,0,0.03072683972345578,0.00037998453259431635,3.844935058717364e-06,0.0,0.0
73499,1,0.048937527030304434,0.0011335688164599627,3.3931435994777406e-06,0.0,0.0
24351,0,0.04750340356533631,0.0010322309782936526,3.50085316238225e-06,0.0,0.0
28887,0,0.1873937456782824,0.009412590343086962,8.13969650595823e-06,0.0,0.0
90855,0,0.053490087210175556,0.0017007221768206937,2.726469945665712e-06,0.0,0.0
16225,0,0.09823114022018196,0.007815887019844698,2.190782104892756e-06,0.0,0.0
26162,0,0.05349010442728065,0.0005884089269625609,7.889264466933239e-06,0.0,0.0
102190,0,0.16909779161326288,0.003483424138929749,1.7231574803700495e-05,0.0,0.0
2247,0,0.056744148180160846,0.0005033355117032025,1.0451548051167401e-05,0.0,0.0
56518,1,0.04966990579961436,0.0008830457137489357,4.495180506736813e-06,0.0,0.0
103280,0,0.06965280421705952,0.0038244833439267808,2.1233789686808042e-06,0.0,0.0
86902,0,0.08895920427848743,0.006488270281051803,2.1233789686808042e-06,0.0,0.0
108745,0,0.046801410320290504,0.0011335688164599627,3.089495184583075e-06,0.0,0.0
112357,0,0.07933550501387054,0.005554925104976843,1.9333584585511295e-06,0.0,0.0
34122,0,0.06018358046809257,0.0010322309782936526,5.771920030068829e-06,0.0,0.0
63669,1,0.06289021760165715,0.0029810329339968827,2.190782104892756e-06,0.0,0.0
87246,0,0.07708276044216185,0.0052201262521444506,1.9333584585511295e-06,0.0,0.0
41271,1,0.01886484702434059,0.0005357805252560689,1.0030140882062788e-06,0.0,0.0
22681,0,0.060183585002026536,0.0032730656975854832,1.8162221872996068e-06,0.0,0.0
115036,0,0.09549748501523567,0.009708474753363424,1.6536891917493862e-06,0.0,0.0
79914,0,0.08895917666166608,0.0021157029409860713,6.540436447118119e-06,0.0,0.0
32437,0,0.08164825065174859,0.002631674240722588,4.356878425291134e-06,0.0,0.0
10672,1,0.05509450921836992,0.0005193049800551674,9.51625169373602e-06,0.0,0.0
43988,0,0.042792392250000554,0.0010987313252676443,2.642585190793824e-06,0.0,0.0
89294,0,0.04542688846697463,0.004755200222770245,6.893608811646252e-07,0.0,0.0
59653,1,0.0759785046659454,0.002550912911214397,3.844935058717364e-06,0.0,0.0
85080,0,0.04821540661185749,0.0021157029409860713,1.760343003490802e-06,0.0,0.0
50207,1,0.06475729293479819,0.005554925104976843,1.248271341413489e-06,0.0,0.0
22704,0,0.09023368148765455,0.002472622943003016,5.771920030068829e-06,0.0,0.0
59850,1,0.03314089360129828,0.0005703158181576567,2.994441338322032e-06,0.0,0.0
36641,0,0.08048430620089983,0.0037072529053448575,2.994441338322032e-06,0.0,0.0
114667,0,0.06289022173884175,0.0044683841359893966,1.4593769169593532e-06,0.0,0.0
28927,0,0.09415635052125941,0.0013670255069146825,1.1478768126328688e-05,0.0,0.0
55282,1,0.03795500163431601,0.0012448435228145033,1.8162221872996068e-06,0.0,0.0
64126,1,0.03970417146465491,0.0006667021610602238,3.726638839912802e-06,0.0,0.0
77886,0,0.1010343008479323,0.001325022200004762,1.3846011164630788e-05,0.0,0.0
21782,0,0.1669137354820908,0.015424550653331922,3.726638839912802e-06,0.0,1.0
39802,0,0.0840222873351873,0.0018675662743252222,6.540436447118119e-06,0.0,0.0
85429,0,0.03167133057233873,0.000315038828619097,4.936989537931885e-06,0.0,0.0
79614,0,0.1261116431832234,0.006692851264816554,4.495180506736813e-06,0.0,0.0
24630,0,0.067654789046216,0.001926734293943221,3.966986387815789e-06,0.0,0.0
48259,1,0.08895919063538982,0.003707253343925564,3.726638839912802e-06,0.0,0.0
39434,0,0.05674414930745628,0.0009399439131311984,5.594337046452708e-06,0.0,0.0
26504,0,0.1424412968156836,0.006488270281051803,6.144177531850823e-06,0.0,0.0
116249,0,0.03795500437711114,0.000732181239813549,3.089495184583075e-06,0.0,0.0
111466,0,0.05192984783532507,0.0018102108585498632,2.4061034870279747e-06,0.0,0.0
95898,0,0.054286723757404426,0.003483424138929749,1.3709578605790399e-06,0.0,0.0
15297,0,0.12611166225455803,0.0018675662743252222,1.6187581434031322e-05,0.0,0.0
82800,1,0.08645885830269805,0.0005357805252560689,2.430025232305379e-05,0.0,0.0
34139,0,0.1368108120923848,0.005220125635523485,6.962257909890453e-06,0.0,0.0
96673,0,0.08048429855896838,0.0038244833439267808,2.9023119851992187e-06,0.0,0.0
41825,1,0.04343701048693613,0.0027149861050945762,1.1015954913197063e-06,0.0,0.0
63239,1,0.060183593041529516,0.0011695103004128338,5.093706824804725e-06,0.0,0.0
60983,1,0.04821540370139346,0.0008295890015896191,4.495180506736813e-06,0.0,0.0
23108,0,0.11454237684496694,0.007577241922677275,3.1875663565705323e-06,0.0,0.0
56903,1,0.059305854588604205,0.00337661276801696,1.706182832076048e-06,0.0,0.0
83689,0,0.030264889608910085,0.0010987313252676443,1.2878956762413533e-06,0.0,0.0
13854,0,0.12103559478465001,0.002182716953960533,1.2606949244634996e-05,0.0,0.0
103631,0,0.05428669780641558,0.001926734293943221,2.482479149356074e-06,0.0,0.0
113034,0,0.07275230644479777,0.001926734293943221,4.637872744428124e-06,0.0,0.0
53416,1,0.03167132950805757,0.00048785718098195605,3.1875663565705323e-06,0.0,0.0
57910,1,0.039112708199822765,0.0005703158181576567,4.222834954820254e-06,0.0,0.0
105414,0,0.09685572898823007,0.0023231623267394954,7.183263824896686e-06,0.0,0.0
849,1,0.12784371931599528,0.0053849370015672145,5.771920030068829e-06,0.0,0.0
36141,0,0.08048430402479614,0.0016484828588918183,6.74805239431716e-06,0.0,0.0
95881,0,0.053490100636437804,0.0009399439131311984,4.936990126459539e-06,0.0,0.0
72685,1,0.058440145303344,0.0028009272903275605,1.994729959312828e-06,0.0,0.0
70633,1,0.05591359845556322,0.0013670255069146825,3.726638839912802e-06,0.0,0.0
99918,0,0.14436054703740986,0.004905404780589826,8.398071033533918e-06,0.0,0.0
95667,0,0.0440908700189931,0.0020507436161568606,1.5057011869226585e-06,0.0,0.0
52615,1,0.09152459097289235,0.005730245984379375,2.561281600094309e-06,0.0,0.0
40061,1,0.023729166874415127,0.0004728543816584347,1.8162221872996068e-06,0.0,0.0
71583,1,0.06864705973201514,0.003945406039842732,1.994729959312828e-06,0.0,0.0
50055,1,0.050412681241902645,0.0005193049800551674,7.889264466933239e-06,0.0,0.0
104899,0,0.05192983428023694,0.0011335688164599627,3.844935058717364e-06,0.0,0.0
118203,0,0.09023367368999537,0.009412590343086962,1.5057011869226585e-06,0.0,0.0
91480,0,0.055913610485017015,0.0027149861050945762,1.8738753836477887e-06,0.0,0.0
110941,0,0.03467621030293805,0.000804085962940771,2.3320756378558803e-06,0.0,0.0
50632,1,0.04409087145411083,0.0012065896955511597,2.561281600094309e-06,0.0,0.0
575,0,0.05758627989085774,0.0015487614480278714,3.50085316238225e-06,0.0,0.0
94066,0,0.04279238840404239,0.0006263341098699961,4.637872744428124e-06,0.0,0.0
79317,0,0.08164825977388583,0.006488270281051803,1.760343003490802e-06,0.0,0.0
61940,1,0.10835455517876653,0.0008830457137489357,2.430025232305379e-05,0.0,0.0
106046,0,0.047503415322259615,0.0012065896955511597,2.994441338322032e-06,0.0,0.0
63705,1,0.1227076995736909,0.010986941578116865,2.561281600094309e-06,0.0,0.0
13014,1,0.08645885269599066,0.0031726830692822713,4.092912025774258e-06,0.0,0.0
9087,1,0.1690977578973277,0.0028895806206369976,2.0785165475135268e-05,0.0,0.0
34673,0,0.09415635470851906,0.0028009272903275605,5.594337046452708e-06,0.0,0.0
113514,0,0.06107344844491151,0.0022518471900497736,2.726469945665712e-06,0.0,0.0
69213,1,0.024093847125889703,0.0002868540364001373,3.089495184583075e-06,0.0,0.0
105022,0,0.05930585313014803,0.0010322309782936526,5.594337046452708e-06,0.0,0.0
83417,0,0.04821542520335342,0.0028009272903275605,1.3287778191852582e-06,0.0,0.0
10086,1,0.085232695454483,0.0015487614480278714,8.13969650595823e-06,0.0,0.0
67689,1,0.07381343367479355,0.0023231623267394954,3.966986387815789e-06,0.0,0.0
112805,0,0.07381344609059169,0.0038244833439267808,2.4061034870279747e-06,0.0,0.0
49680,0,0.06864707593527929,0.002550912911214397,3.089495184583075e-06,0.0,0.0
113466,0,0.06381739210935246,0.0028895806206369976,2.3320756378558803e-06,0.0,0.0
118285,0,0.07597848626867013,0.005730245984379375,1.706182832076048e-06,0.0,0.0
7407,1,0.18502597320815015,0.002631674240722588,2.840973616147218e-05,0.0,0.0
11570,1,0.09685570864125194,0.001926734293943221,8.664654180478202e-06,0.0,0.0
109892,0,0.059305862183026616,0.0006462031557728052,8.93969950149795e-06,0.0,0.0
41149,0,0.01886484993213972,0.00036829785714047883,1.4593769169593532e-06,0.0,0.0
17988,0,0.061975607797476226,0.0011695103004128338,5.42221767718423e-06,0.0,0.0
48639,1,0.02301590403015381,0.00022341643448714715,3.6119822000929285e-06,0.0,0.0
69054,1,0.07381342909067135,0.003075369179754187,2.994441338322032e-06,0.0,0.0
33881,0,0.05349008051751051,0.001325022200004762,3.50085316238225e-06,0.0,0.0
101169,0,0.12270772042701514,0.007345826954777488,3.844935058717364e-06,0.0,0.0
69597,1,0.0804843044172221,0.0022518471900497736,4.936989537931885e-06,0.0,0.0
23149,0,0.08164826843272031,0.0023967313911954784,4.785094494835719e-06,0.0,0.0
31561,0,0.09283209991132933,0.0020507436161568606,7.4112781047984106e-06,0.0,0.0
54630,1,0.05349009153346146,0.002472622943003016,1.8738753836477887e-06,0.0,0.0
92358,0,0.071705294359984,0.0027149861050945762,3.1875663565705323e-06,0.0,0.0
13544,1,0.03852966891149912,0.0006878511561755446,3.3931435994777406e-06,0.0,0.0
55901,1,0.04893753121174354,0.0008295890015896191,4.637872744428124e-06,0.0,0.0
107525,0,0.048937541890031945,0.002182716953960533,1.760343003490802e-06,0.0,0.0
111474,0,0.05041265955962539,0.0015978451647420651,2.561281600094309e-06,0.0,0.0
10485,1,0.15840284925956588,0.0035936023996747954,1.4285517648638257e-05,0.0,0.0
80607,0,0.04030421957762816,0.0010322309782936526,2.482479149356074e-06,0.0,0.0
13130,1,0.060183591497305546,0.0010005044957413633,5.955140768331919e-06,0.0,0.0
36292,0,0.0954975080722861,0.0028009272903275605,5.771920030068829e-06,0.0,0.0
21593,0,0.06107345447313047,0.006692851264816554,9.132548018951385e-07,0.0,0.0
83936,0,0.07488876693316394,0.0014550627830884635,6.540436447118119e-06,0.0,0.0
8136,0,0.044090871780247246,0.0006878511561755446,4.495180506736813e-06,0.0,0.0
115402,0,0.05041266764595122,0.0014550627830884635,2.8130174840617977e-06,0.0,0.0
27061,0,0.08770096107874277,0.003483424138929749,3.844935058717364e-06,0.0,0.0
32333,0,0.17353404778049572,0.0037072529053448575,1.7231574803700495e-05,0.0,0.0
47761,1,0.07708274088831525,0.0023231623267394954,4.356878425291134e-06,0.0,0.0
82991,0,0.06864708248495809,0.0018675662743252222,4.222835458217393e-06,0.0,0.0
96953,0,0.04091296700797336,0.0011695103004128338,2.2603251062511995e-06,0.0,0.0
53972,1,0.05428670450039438,0.0029810329339968827,1.602810414617283e-06,0.0,0.0
2081,0,0.11141088276505559,0.0029810329339968827,7.646537349898716e-06,0.0,0.0
20183,0,0.039704173767306596,0.0013670255069146825,1.8162221872996068e-06,0.0,0.0
47315,1,0.023369872899350132,0.0003353500316799018,2.482479149356074e-06,0.0,0.0
12845,1,0.07597848608035529,0.0021157029409860713,4.637872744428124e-06,0.0,0.0
3051,1,0.07170527411958559,0.0032730656975854832,2.642585190793824e-06,0.0,0.0
46226,0,0.07170527532827481,0.0021157029409860713,4.092912025774258e-06,0.0,0.0
116297,0,0.07067213559198593,0.001325022200004762,6.339208136787267e-06,0.0,0.0
33487,0,0.03415695947684638,0.0008830457137489357,2.058049354947254e-06,0.0,0.0
16798,0,0.07067216596942034,0.001987774066425167,4.222835458217393e-06,0.0,0.0
37785,0,0.09549752049035908,0.001987774066425167,8.13969650595823e-06,0.0,0.0
117998,0,0.061975608907779096,0.0035936023996747954,1.760343003490802e-06,0.0,0.0
19956,0,0.08895920802347439,0.0022518471900497736,6.144177531850823e-06,0.0,0.0
107484,0,0.09283209442218715,0.005730245984379375,2.642585190793824e-06,0.0,0.0
42546,0,0.06667584446334607,0.0014550627830884635,5.093706824804725e-06,0.0,0.0
111944,0,0.08048429803350705,0.005730245984379375,1.9333584585511295e-06,0.0,0.0
114409,0,0.10987341162889705,0.0028009272903275605,7.889264466933239e-06,0.0,0.0
50791,1,0.06289019920064153,0.0038244833439267808,1.706182832076048e-06,0.0,0.0
2152,0,0.1039081925989813,0.0023231623267394954,8.398070032421943e-06,0.0,0.0
11176,1,0.09549749197314457,0.0028895806206369976,5.594337046452708e-06,0.0,0.0
44947,1,0.029361075409295785,0.0009399439131311984,1.4144766730550664e-06,0.0,0.0
90346,0,0.04153048899610082,0.0008830457137489357,3.089495184583075e-06,0.0,0.0
100938,0,0.09283211706910469,0.007577241922677275,1.994729959312828e-06,0.0,0.0
116319,0,0.07275231641096162,0.005060332552440032,1.760343003490802e-06,0.0,0.0
76623,0,0.03970417914691291,0.0009110513587503458,2.726469945665712e-06,0.0,0.0
89259,0,0.11141088726034584,0.0038244833439267808,5.955140768331919e-06,0.0,0.0
84982,0,0.03264385865879994,0.0005527785524441058,2.994441338322032e-06,0.0,0.0
103655,0,0.07488877835028089,0.005060332552440032,1.8738753836477887e-06,0.0,0.0
56419,1,0.019452039225552446,0.0004173158237957614,1.3709578605790399e-06,0.0,0.0
68741,1,0.048937548532434524,0.0006263341098699961,6.144177531850823e-06,0.0,0.0
12747,1,0.050412665508313366,0.0006263341098699961,6.540436447118119e-06,0.0,0.0
71753,1,0.05591361959870862,0.0005193049800551674,9.818330494449007e-06,0.0,0.0
16508,0,0.06475727961249106,0.0015487614480278714,4.495180506736813e-06,0.0,0.0
106179,0,0.06381739968356812,0.0028009272903275605,2.4061034870279747e-06,0.0,0.0
58295,1,0.038529678558930636,0.001987774066425167,1.1726423529557974e-06,0.0,0.0
83888,0,0.0567441597945884,0.0016484828588918183,3.1875663565705323e-06,0.0,0.0
94271,0,0.10987340369429364,0.005554925104976843,3.966986387815789e-06,0.0,0.0
38480,0,0.07820170113280832,0.0023967313911954784,4.356878425291134e-06,0.0,0.0
81257,0,0.04091295361680748,0.0015011819937681247,1.760343003490802e-06,0.0,0.0
55952,1,0.05591361553028691,0.0035936023996747954,1.4144766730550664e-06,0.0,0.0
104752,0,0.10987341125426309,0.005220125635523485,4.222834954820254e-06,0.0,0.0
74069,1,0.1177501593068172,0.0008295890015896191,3.120190393987402e-05,0.0,0.0
83840,0,0.07170527401881042,0.0028895806206369976,2.994441338322032e-06,0.0,0.0
36999,0,0.0346761980307316,0.0006667021610602238,2.8130174840617977e-06,0.0,0.0
42938,1,0.031671318738883916,0.0008295890015896191,1.8738753836477887e-06,0.0,0.0
101003,0,0.0915245969743713,0.008061990984583519,1.8162221872996068e-06,0.0,0.0
110106,0,0.08402227917366582,0.004755200222770245,2.561281600094309e-06,0.0,0.0
47965,1,0.07275230285615783,0.0053849370015672145,1.6536891917493862e-06,0.0,0.0
24143,0,0.04153047885796795,0.0006070754685282924,4.495180506736813e-06,0.0,0.0
66284,1,0.06289019577703277,0.003945406039842732,1.6536891917493862e-06,0.0,0.0
18884,1,0.3454929543218001,0.0044683841359893966,9.028036825926027e-05,0.0,0.0
86919,0,0.08282754191974685,0.0038244833439267808,3.089495184583075e-06,0.0,0.0
84542,0,0.07597851523383023,0.004070137783849419,2.4061034870279747e-06,0.0,0.0
34450,0,0.0496699078449189,0.0006070754685282924,6.540436447118119e-06,0.0,0.0
32911,0,0.061975619143815004,0.0015011819937681247,4.222834954820254e-06,0.0,0.0
82752,1,0.08645885830269805,0.0005357805252560689,2.430025232305379e-05,0.0,0.0
43413,0,0.020366538928857442,0.00036829785714047883,1.706182832076048e-06,0.0,0.0
98278,0,0.08523268581174803,0.00857748525531428,1.4593769169593532e-06,0.0,0.0
99226,0,0.05428670040012629,0.0010649624483902006,4.495180506736813e-06,0.0,0.0
109876,0,0.06475727709554072,0.0018102108585498632,3.844935058717364e-06,0.0,0.0
77237,1,0.1735340592764741,0.009125636757578982,6.962258739847377e-06,0.0,0.0
49039,1,0.02301590501871691,0.0003353500316799018,2.4061034870279747e-06,0.0,0.0
48153,1,0.050412682903054215,0.0007793661347695177,5.255398212958324e-06,0.0,0.0
101573,0,0.12439970207251311,0.007577241922677275,3.844935058717364e-06,0.0,0.0
9056,1,0.10246233782515823,0.002182716953960533,8.664654180478202e-06,0.0,0.0
93758,0,0.13497607596608832,0.0023967313911954784,1.4738989000878718e-05,0.0,0.0
25528,0,0.11613665616803011,0.0021157029409860713,1.1843143260537437e-05,0.0,0.0
84645,0,0.04409087318863778,0.0035936023996747954,8.579234357751966e-07,0.0,0.0
41045,0,0.08770095171799423,0.005220125635523485,2.561281600094309e-06,0.0,0.0
79975,0,0.32119512212044415,0.009412590343086962,3.426849052235948e-05,0.0,0.0
28281,0,0.16475234524969515,0.0022518471900497736,2.5071599817523966e-05,0.0,0.0
94691,0,0.08895918744649321,0.004905405360218095,2.8130174840617977e-06,0.0,0.0
14737,1,0.0666758353741157,0.0002868540364001373,2.5867434156255456e-05,0.0,0.0
20803,0,0.2097538051801599,0.0035936023996747954,2.840973954797728e-05,0.0,0.0
34687,0,0.06475727257978683,0.0028009272903275605,2.482479149356074e-06,0.0,0.0
96308,0,0.07067214336845942,0.005554925104976843,1.5057011869226585e-06,0.0,0.0
65044,1,0.09152459168904707,0.003945406039842732,3.726638839912802e-06,0.0,0.0
112206,0,0.091524586984953,0.009125636757578982,1.602810414617283e-06,0.0,0.0
45864,0,0.08770095171799423,0.005220125635523485,2.561281600094309e-06,0.0,0.0
107416,0,0.08282752478948631,0.004755200222770245,2.482479149356074e-06,0.0,0.0
37903,0,0.07820169260671488,0.0028895806206369976,3.6119822000929285e-06,0.0,0.0
32185,0,0.06107345762934898,0.0006263341098699961,9.818329324033296e-06,0.0,0.0
3379,0,0.15225345319855993,0.001987774066425167,2.3552612921234377e-05,0.0,0.0
4969,0,0.0770827720525501,0.001410358436282299,7.183263824896686e-06,0.0,0.0
117056,0,0.04343700779976827,0.0007096703049020562,4.222834954820254e-06,0.0,0.0
42972,1,0.04343701110921237,0.0004305570927227883,6.962258739847377e-06,0.0,0.0
92436,0,0.049669925076716,0.0016484828588918183,2.4061034870279747e-06,0.0,0.0
73605,1,0.06571004885781738,0.0027149861050945762,2.642585190793824e-06,0.0,0.0
69664,1,0.05270452239143507,0.0005193049800551674,8.664654180478202e-06,0.0,0.0
8337,1,0.07597849950860561,0.001987774066425167,4.936989537931885e-06,0.0,0.0
80104,1,0.17806173771409592,0.003075369179754187,2.212567436532397e-05,0.0,0.0
5532,1,0.03970418707029019,0.00048785718098195605,5.093706824804725e-06,0.0,0.0
58377,1,0.03911270365074597,0.0007554055970964759,3.1875663565705323e-06,0.0,0.0
59443,1,0.078201696013956,0.004198795588833998,2.482479149356074e-06,0.0,0.0
59336,1,0.05509451016946242,0.0021157029409860713,2.3320756378558803e-06,0.0,0.0
37974,0,0.12611166932996593,0.004905404780589826,6.144177531850823e-06,0.0,0.0
89264,0,0.08523265509625064,0.006903836628141824,1.8162221872996068e-06,0.0,0.0
16009,0,0.3077231945807648,0.006289901135666448,4.5397852420729034e-05,0.0,0.0
383,0,0.08645883499035709,0.0017007221768206937,7.646537349898716e-06,0.0,0.0
7214,0,0.08048429754989482,0.0008295890015896191,1.3420015103331787e-05,0.0,0.0
25771,0,0.20717565628331866,0.005060332552440032,1.9525894515401004e-05,0.0,0.0
15085,1,0.26317430409208203,0.005060332552440032,3.6478546348360466e-05,0.0,0.0
55621,1,0.04091295495980848,0.0014550627830884635,1.8162221872996068e-06,0.0,0.0
26525,0,0.06864705697767222,0.001410358436282299,5.594337046452708e-06,0.0,0.0
110914,0,0.11141088038952197,0.0021157029409860713,1.0783314793281978e-05,0.0,0.0
20586,0,0.0676548038794697,0.0018675662743252222,4.092912025774258e-06,0.0,0.0
108629,0,0.08895917472832064,0.008847354846091981,1.5534971990199408e-06,0.0,0.0
75164,1,0.08523266329198378,0.00048785700656739725,2.5867434156255456e-05,0.0,0.0
53530,1,0.04153048141031624,0.0015011819937681247,1.8162221872996068e-06,0.0,0.0
21597,0,0.062890206061501,0.0023231623267394954,2.8130174840617977e-06,0.0,0.0
77075,0,0.08645885068187326,0.0021157029409860713,6.144177531850823e-06,0.0,0.0
24655,0,0.1098733978876568,0.005554924449029013,3.966986387815789e-06,0.0,0.0
73767,1,0.09549748962932426,0.001926734293943221,8.398071033533918e-06,0.0,0.0
29658,0,0.08645884915580472,0.002631674240722588,4.936989537931885e-06,0.0,0.0
71075,1,0.05591360446261428,0.0017546144219260113,2.9023119851992187e-06,0.0,0.0
26061,0,0.052704505686557955,0.00712142895975136,6.27670188927813e-07,0.0,0.0
49382,1,0.1424412675325661,0.0032730656975854832,1.2219074562959139e-05,0.0,0.0
113669,0,0.04030422079003503,0.0009697518580996581,2.642585190793824e-06,0.0,0.0
89571,0,0.04409087918933568,0.00337661276801696,9.132548018951385e-07,0.0,0.0
2725,0,0.03970417768000679,0.0032730656975854832,7.571147607951157e-07,0.0,0.0
51647,1,0.05116594604144365,0.0006878511561755446,6.144177531850823e-06,0.0,0.0
40265,1,0.04279238564088577,0.0018102108585498632,1.602810605686697e-06,0.0,0.0
26416,0,0.0804842845673143,0.003075369179754187,3.6119822000929285e-06,0.0,0.0
104449,0,0.050412669716365544,0.0023967313911954784,1.706182832076048e-06,0.0,0.0
108111,0,0.07170527052403758,0.00337661276801696,2.561281600094309e-06,0.0,0.0
53942,1,0.06571004001704876,0.004755200222770245,1.5057011869226585e-06,0.0,0.0
22060,0,0.059305854588604205,0.00337661276801696,1.706182832076048e-06,0.0,0.0
19051,0,0.1114108727712206,0.0012065896955511597,1.892514598661872e-05,0.0,0.0
61101,1,0.05844012923113588,0.0012843081308850904,4.356878425291134e-06,0.0,0.0
44883,1,0.022667164693376356,0.00035697061228301934,2.190782104892756e-06,0.0,0.0
55147,1,0.06571003643972242,0.0016484828588918183,4.356878425291134e-06,0.0,0.0
18222,0,0.24252049607996243,0.003075369179754187,4.832562084924295e-05,0.0,0.0
108209,0,0.04343700719284651,0.001410358436282299,2.1233789686808042e-06,0.0,0.0
87410,0,0.07067216027640569,0.0010987313252676443,7.646537349898716e-06,0.0,0.0
97753,0,0.055094514514869325,0.0035936023996747954,1.3709578605790399e-06,0.0,0.0
86463,0,0.08770096041765264,0.007577241922677275,1.760343003490802e-06,0.0,0.0
62826,1,0.04542690201075631,0.0005357805252560689,6.144177531850823e-06,0.0,0.0
29350,0,0.06864707082194219,0.002472622943003016,3.1875663565705323e-06,0.0,0.0
85958,0,0.09023366749724415,0.009125636757578982,1.5534971990199408e-06,0.0,0.0
109650,0,0.0575862822252742,0.001410358436282299,3.844935058717364e-06,0.0,0.0
65537,1,0.023369883741372506,0.0003459915412409113,2.4061034870279747e-06,0.0,0.0
32034,0,0.07381343092111801,0.002550912911214397,3.6119822000929285e-06,0.0,0.0
38312,0,0.061975612382859716,0.0016484828588918183,3.844935058717364e-06,0.0,0.0
11510,1,0.05192982978391657,0.0012843081308850904,3.3931435994777406e-06,0.0,0.0
86547,0,0.09962393410283317,0.0052201262521444506,3.3931435994777406e-06,0.0,0.0
112572,0,0.06765479875404343,0.0027149861050945762,2.8130174840617977e-06,0.0,0.0
44854,0,0.018577813173322542,0.00037998453259431635,1.3709578605790399e-06,0.0,0.0
105626,0,0.07933548161326404,0.006903836628141824,1.5534971990199408e-06,0.0,0.0
38723,0,0.05674414232894423,0.0014550627830884635,3.6119822000929285e-06,0.0,0.0
1946,1,0.04475414091977085,0.0013670255069146825,2.3320756378558803e-06,0.0,0.0
89432,0,0.08770097798450692,0.009125636757578982,1.4593769169593532e-06,0.0,0.0
78927,0,0.11296713744501226,0.003075369179754187,7.646537349898716e-06,0.0,0.0
22302,0,0.09549749418516072,0.002472622943003016,6.540436447118119e-06,0.0,0.0
1804,0,0.06667585711896062,0.0009110513587503458,8.13969650595823e-06,0.0,0.0
75724,1,0.09823113565508612,0.0018102108585498632,9.51625169373602e-06,0.0,0.0
95622,0,0.07067215921073136,0.006289901135666448,1.3287778191852582e-06,0.0,0.0
46538,0,0.03520304218384233,0.0035936023996747954,5.36874811935349e-07,0.0,0.0
94646,0,0.06765477947816165,0.0028895806206369976,2.642585190793824e-06,0.0,0.0
45599,0,0.10987338201627314,0.006488270281051803,3.3931435994777406e-06,0.0,0.0
28567,0,0.10685417656353609,0.0028895806206369976,7.183263824896686e-06,0.0,0.0
74338,1,0.14244123002482414,0.0008830457137489357,4.5397852420729034e-05,0.0,0.0
114687,0,0.04030422314174679,0.0037072529053448575,6.893608811646252e-07,0.0,0.0
5002,1,0.06475728999754078,0.0010005044957413633,6.962257909890453e-06,0.0,0.0
17293,0,0.05509449798418719,0.0006462031557728052,7.646537349898716e-06,0.0,0.0
1410,1,0.05349009244991778,0.0016484828588918183,2.8130174840617977e-06,0.0,0.0
70044,1,0.03738855532399157,0.0008295890015896191,2.642585190793824e-06,0.0,0.0
112673,0,0.06289020269958677,0.0018675662743252222,3.50085316238225e-06,0.0,0.0
109872,0,0.07275232811241311,0.006097561309262689,1.4593769169593532e-06,0.0,0.0
19273,0,0.05270452096686883,0.001926734293943221,2.3320756378558803e-06,0.0,0.0
12891,1,0.0403042232890811,0.0006667021610602238,3.844935058717364e-06,0.0,0.0
9089,1,0.10103426782907986,0.0010322309782936526,1.777854550238982e-05,0.0,0.0
10376,1,0.022667169238077836,0.0001488384986630124,5.255398212958324e-06,0.0,0.0
101405,0,0.0727523073325476,0.005554925104976843,1.602810414617283e-06,0.0,0.0
79556,1,0.05192984230735196,0.0038244833439267808,1.1365639816447222e-06,0.0,0.0
8625,1,0.06289020344406579,0.0005884089269625609,1.1125603509314034e-05,0.0,0.0
69784,1,0.04030422079003503,0.0009697518580996581,2.642585190793824e-06,0.0,0.0
116011,0,0.055094498490982656,0.004905404780589826,1.0030140882062788e-06,0.0,0.0
20592,0,0.15024766635766088,0.010986941578116865,4.092912025774258e-06,0.0,0.0
65260,1,0.025607972092767148,0.0003920418525378508,2.561281600094309e-06,0.0,0.0
72606,1,0.052704508705917585,0.0015978451647420651,2.8130174840617977e-06,0.0,0.0
36417,0,0.14826365884751438,0.003483424138929749,1.2606949244634996e-05,0.0,0.0
29289,0,0.18268142977219443,0.01971912627106822,3.6119822000929285e-06,0.0,1.0
38328,0,0.1313688226690415,0.006289901135666448,5.255398212958324e-06,0.0,0.0
42770,1,0.021985095494725135,0.0002868540364001373,2.561281600094309e-06,0.0,0.0
89361,0,0.02198509414619696,0.0011335688164599627,6.475945666070602e-07,0.0,0.0
55537,1,0.05509451680568562,0.0020507436161568606,2.4061034870279747e-06,0.0,0.0
24764,0,0.05591360378355242,0.0017007221768206937,2.994441338322032e-06,0.0,0.0
77400,0,0.050412684100149235,0.0032730656975854832,1.248271341413489e-06,0.0,0.0
102735,0,0.07488876585260218,0.0017007221768206937,5.594337046452708e-06,0.0,0.0
79735,0,0.12103556611736953,0.007345826954777488,3.726638839912802e-06,0.0,0.0
106597,0,0.06864705403072441,0.005060332552440032,1.5534971990199408e-06,0.0,0.0
117539,0,0.05509450926933948,0.0012065896955511597,4.092912025774258e-06,0.0,0.0
18781,0,0.29782848965815933,0.00337661276801696,7.722191811033374e-05,0.0,0.0
58492,1,0.03573761193539991,0.0009110513587503458,2.190782104892756e-06,0.0,0.0
50914,1,0.055094501917803324,0.0009110513587503458,5.42221767718423e-06,0.0,0.0
19608,0,0.1443606018042016,0.002631674240722588,1.568955720703011e-05,0.0,0.0
55787,1,0.05428670969415219,0.002472622943003016,1.9333584585511295e-06,0.0,0.0
71339,1,0.06965280279875433,0.0028009272903275605,2.9023119851992187e-06,0.0,0.0
93408,0,0.045426889420922344,0.0008559005270359918,3.844935058717364e-06,0.0,0.0
27208,0,0.13136882253521284,0.004198795588833998,7.889264466933239e-06,0.0,0.0
21682,0,0.05930585313014803,0.0010322309782936526,5.594337046452708e-06,0.0,0.0
6992,1,0.06667583068802713,0.001926734293943221,3.844935058717364e-06,0.0,0.0
70207,1,0.09283211237315322,0.0010005044957413633,1.520684036890683e-05,0.0,0.0
117207,0,0.10987341103722573,0.0032730656975854832,6.74805239431716e-06,0.0,0.0
75807,1,0.1083545532163268,0.001987774066425167,1.0783316078719877e-05,0.0,0.0
32742,0,0.11938312563743672,0.005220125635523485,5.093706824804725e-06,0.0,0.0
96255,0,0.06667585471838018,0.005060332552440032,1.4593769169593532e-06,0.0,0.0
48794,1,0.05116594682716663,0.000804085962940771,5.255398212958324e-06,0.0,0.0
24275,0,0.17578642231364952,0.0038244833439267808,1.7231574803700495e-05,0.0,0.0
18083,0,0.0628902102948018,0.0053849370015672145,1.2098659719807352e-06,0.0,0.0
59084,1,0.05674414658802602,0.007345826954777488,7.112435289654718e-07,0.0,0.0
29491,0,0.07933551524277845,0.002182716953960533,4.936989537931885e-06,0.0,0.0
39310,0,0.048215408908772454,0.0006878511561755446,5.42221767718423e-06,0.0,0.0
65921,1,0.04153048642197592,0.001410358436282299,1.9333584585511295e-06,0.0,0.0
53042,1,0.03520304658646111,0.0007321813269898655,2.642585190793824e-06,0.0,0.0
92459,0,0.02680399325112382,0.002550912911214397,4.3139143612066945e-07,0.0,0.0
79125,0,0.08770094022411941,0.0053849370015672145,2.482479149356074e-06,0.0,0.0
44439,1,0.05844012392469439,0.0006070754685282924,9.223466811192458e-06,0.0,0.0
28508,0,0.05674415513994396,0.0004583129617247757,1.1478768126328688e-05,0.0,0.0
73479,1,0.04409087808773078,0.0010322309782936526,2.994441338322032e-06,0.0,0.0
116553,0,0.043436995733645234,0.0006878511561755446,4.356878425291134e-06,0.0,0.0
26607,0,0.13497603386230667,0.006097561309262689,5.771920718126135e-06,0.0,0.0
23064,0,0.04475412455566314,0.0008830457137489357,3.6119822000929285e-06,0.0,0.0
114826,0,0.058440135724766654,0.0009697518580996581,5.771920030068829e-06,0.0,0.0
45936,1,0.03026488478622488,0.0004442183150875949,3.1875663565705323e-06,0.0,0.0
75645,1,0.09023368786586665,0.0016484828588918183,8.664654180478202e-06,0.0,0.0
64910,1,0.0248396639382339,0.00036829785714047883,2.561281600094309e-06,0.0,0.0
109441,0,0.052704522664059734,0.002182716953960533,2.058049354947254e-06,0.0,0.0
31281,0,0.13316209099324028,0.005911069753745469,5.771920030068829e-06,0.0,0.0
21107,0,0.20462089917505893,0.00831578015177299,1.1478768126328688e-05,0.0,0.0
107817,0,0.05041267285658947,0.0010987313252676443,3.726638839912802e-06,0.0,0.0
25815,0,0.07170528908243438,0.001410358436282299,6.144177531850823e-06,0.0,0.0
11344,1,0.08402227509659332,0.0022518471900497736,5.42221767718423e-06,0.0,0.0
41311,0,0.03314089360129828,0.0005703158181576567,2.994441338322032e-06,0.0,0.0
30697,0,0.08402229232648274,0.009125635688067147,1.3287778191852582e-06,0.0,0.0
73086,1,0.050412673951787536,0.0020507436161568606,1.994729959312828e-06,0.0,0.0
53515,1,0.07597848626867013,0.005730245984379375,1.706182832076048e-06,0.0,0.0
5909,0,0.0427923986408265,0.0005884089269625609,4.936989537931885e-06,0.0,0.0
42898,0,0.11454234071467745,0.0044683841359893966,5.42221767718423e-06,0.0,0.0
59743,1,0.040304227414935036,0.0008559005270359918,2.994441338322032e-06,0.0,0.0
88803,0,0.05116593774787807,0.0013670255069146825,3.089495184583075e-06,0.0,0.0
74200,1,0.12439969151721016,0.0008295890015896191,3.5356254934266316e-05,0.0,0.0
46730,1,0.06289022235240359,0.0010987313252676443,5.955140768331919e-06,0.0,0.0
45310,1,0.09023370114570904,0.0023231623267394954,6.144177531850823e-06,0.0,0.0
99592,0,0.05844013073335682,0.0015011819937681247,3.726638839912802e-06,0.0,0.0
50993,1,0.026803982491792576,0.0002694790494263197,4.092912025774258e-06,0.0,0.0
38905,0,0.0415304808332981,0.000804085962940771,3.3931435994777406e-06,0.0,0.0
15403,0,0.05192983617123697,0.0006462031557728052,6.74805239431716e-06,0.0,0.0
106857,0,0.1177501977349122,0.0020507436161568606,1.2606949244634996e-05,0.0,0.0
96283,0,0.08770094869968707,0.002472622943003016,5.42221767718423e-06,0.0,0.0
107837,0,0.05758629299738782,0.0027149861050945762,1.994729959312828e-06,0.0,0.0
16301,0,0.1053720923398953,0.004609572905819922,4.356878425291134e-06,0.0,0.0
27555,0,0.15633099155395744,0.004198795588833998,1.1843143260537437e-05,0.0,0.0
19811,0,0.14244122600863568,0.003075369179754187,1.3007123813725573e-05,0.0,0.0
34564,0,0.08282752703083833,0.0009697518580996581,1.2219074562959139e-05,0.0,0.0
63745,1,0.06475728920834713,0.0016484828588918183,4.222834954820254e-06,0.0,0.0
20341,0,0.1145423321542617,0.0038244833439267808,6.339208136787267e-06,0.0,0.0
4881,0,0.04409088780822348,0.00037998453259431635,8.13969650595823e-06,0.0,0.0
112890,0,0.09549749151099522,0.0044683841359893966,3.6119822000929285e-06,0.0,0.0
118266,0,0.12959608537969242,0.0023967313911954784,1.3420015103331787e-05,0.0,0.0
4918,1,0.061975612382859716,0.0016484828588918183,3.844935058717364e-06,0.0,0.0
16688,1,0.1690977815229147,0.0022518471900497736,2.668852956311377e-05,0.0,0.0
57217,1,0.08523266204899328,0.007577241922677275,1.6536891917493862e-06,0.0,0.0
52824,1,0.05116592948230194,0.0023231623267394954,1.8162221872996068e-06,0.0,0.0
113838,0,0.11141086350525833,0.0020507436161568606,1.1125603509314034e-05,0.0,0.0
106704,0,0.0666758390991491,0.006289901135666448,1.1726423529557974e-06,0.0,0.0
80120,0,0.05116593540533847,0.0038244833439267808,1.1015954913197063e-06,0.0,0.0
44676,1,0.0415304808332981,0.000804085962940771,3.3931435994777406e-06,0.0,0.0
63087,1,0.04475412760897795,0.0008559005270359918,3.726638839912802e-06,0.0,0.0
46466,1,0.05509450455145331,0.003945406039842732,1.2482711926084274e-06,0.0,0.0
2929,0,0.06381737522535647,0.0014550627830884635,4.637872744428124e-06,0.0,0.0
81547,0,0.0902336733649784,0.005554924449029013,2.561281600094309e-06,0.0,0.0
71232,1,0.05758627724996296,0.0014550627830884635,3.726638839912802e-06,0.0,0.0
70462,1,0.039704185817076465,0.0007793661347695177,3.1875663565705323e-06,0.0,0.0
44834,0,0.018577813173322542,0.00037998453259431635,1.3709578605790399e-06,0.0,0.0
80717,1,0.07933550389457883,0.0006263341098699961,1.7231574803700495e-05,0.0,0.0
22846,0,0.09152461679833601,0.006692851264816554,2.190782104892756e-06,0.0,0.0
14167,0,0.09962394189302197,0.010328154175697756,1.706182832076048e-06,0.0,0.0
11408,1,0.07708274451929828,0.0013670255069146825,7.4112781047984106e-06,0.0,0.0
5922,1,0.08402229641142195,0.0020507436161568606,5.955140768331919e-06,0.0,0.0
44427,1,0.05844012392469439,0.0006070754685282924,9.223466811192458e-06,0.0,0.0
89971,0,0.08523266875601906,0.0021157029409860713,5.955140768331919e-06,0.0,0.0
88193,0,0.0804843212810216,0.0012448435228145033,8.93969950149795e-06,0.0,0.0
55076,1,0.051929835956826605,0.0021157029409860713,2.058049354947254e-06,0.0,0.0
115871,0,0.057586279340622985,0.0007321813269898655,7.4112781047984106e-06,0.0,0.0
73755,1,0.09549748962932426,0.001926734293943221,8.398071033533918e-06,0.0,0.0
44371,0,0.027214602480596442,0.0003459915412409113,3.2887506336355264e-06,0.0,0.0
79652,0,0.06289021933715369,0.0012843081308850904,5.093706824804725e-06,0.0,0.0
60245,1,0.06571005096218241,0.0005884089269625609,1.2219074562959139e-05,0.0,0.0
31537,0,0.12270774528609756,0.0020507436161568606,1.3846011164630788e-05,0.0,0.0
37447,0,0.18036008019512703,0.010328154175697756,6.74805239431716e-06,0.0,0.0
70705,1,0.05116593948830716,0.0007321813269898655,5.771920718126135e-06,0.0,0.0
2300,1,0.05758628867478473,0.0005703158181576567,9.51625169373602e-06,0.0,0.0
93348,0,0.08164826089110824,0.004070137783849419,2.8130174840617977e-06,0.0,0.0
53741,1,0.05930586757144188,0.005060332552440032,1.1365639816447222e-06,0.0,0.0
9460,1,0.10835453117390902,0.004755200222770245,4.495180506736813e-06,0.0,0.0
9282,1,0.06197560901000267,0.0007554055970964759,8.398071033533918e-06,0.0,0.0
69131,1,0.05591359149951634,0.0005033355117032025,1.0129987357628251e-05,0.0,0.0
30870,0,0.0447541395348233,0.0007554055970964759,4.222834954820254e-06,0.0,0.0
17858,0,0.09962394569358492,0.0037072529053448575,4.785094494835719e-06,0.0,0.0
58939,1,0.08282753032571791,0.006097561309262689,1.9333584585511295e-06,0.0,0.0
30941,0,0.09549751497991807,0.0020507436161568606,7.889264466933239e-06,0.0,0.0
51036,1,0.026803982491792576,0.0002694790494263197,4.092912025774258e-06,0.0,0.0
97434,0,0.09283211368525879,0.0017546144219260113,8.664654180478202e-06,0.0,0.0
57036,1,0.04409088192095231,0.0009697518580996581,3.1875663565705323e-06,0.0,0.0
45748,0,0.050412671315779,0.001926734293943221,2.1233789686808042e-06,0.0,0.0
38843,0,0.14436057050208523,0.0011335688164599627,3.6478546348360466e-05,0.0,0.0
86622,0,0.0759784875633923,0.0015011819937681247,6.540436447118119e-06,0.0,0.0
112019,0,0.05428670967914034,0.0015978451647420651,2.994441338322032e-06,0.0,0.0
6473,1,0.06475726912357123,0.0006878511561755446,1.0129987357628251e-05,0.0,0.0
40916,1,0.09283211291219187,0.0052201262521444506,2.9023119851992187e-06,0.0,0.0
100361,0,0.06765477880985153,0.0022518471900497736,3.3931435994777406e-06,0.0,0.0
56030,1,0.1368107843867852,0.0028009272903275605,1.3007123813725573e-05,0.0,0.0
93505,0,0.07381344335258447,0.0022518471900497736,4.0929125136835626e-06,0.0,0.0
69303,1,0.048937536827640286,0.0006667021610602238,5.771920718126135e-06,0.0,0.0
62355,1,0.05674416222169265,0.0038244833439267808,1.3709578605790399e-06,0.0,0.0
70274,1,0.0468014072623925,0.0006070754685282924,5.771920718126135e-06,0.0,0.0
90435,0,0.021651635773426183,0.0002453695608827486,2.9023119851992187e-06,0.0,0.0
90793,0,0.10537212355024189,0.0012065896955511597,1.6701429809483402e-05,0.0,0.0
79666,0,0.0421569355814615,0.0012065896955511597,2.3320756378558803e-06,0.0,0.0
17920,0,0.1193831323057615,0.0027149861050945762,9.818329324033296e-06,0.0,0.0
118837,0,0.05041266713585263,0.0008559005270359918,4.785094494835719e-06,0.0,0.0
52674,1,0.06107344048760031,0.0038244833439267808,1.602810414617283e-06,0.0,0.0
110383,0,0.052704513126215484,0.0044683841359893966,1.0030140882062788e-06,0.0,0.0
96448,0,0.07381344323342108,0.004198795588833998,2.190782104892756e-06,0.0,0.0
20827,0,0.17578647027606456,0.012431653620200803,5.255398212958324e-06,0.0,1.0
45536,1,0.042792392250000554,0.0010987313252676443,2.642585190793824e-06,0.0,0.0
920,1,0.04279240222322742,0.0006878511561755446,4.222835458217393e-06,0.0,0.0
26839,0,0.03467620029518701,0.0004173158237957614,4.495180506736813e-06,0.0,0.0
12456,1,0.09152462072218168,0.0018102108585498632,8.13969650595823e-06,0.0,0.0
46707,0,0.12439968566417031,0.010652509838571621,2.726469945665712e-06,0.0,0.0
4120,1,0.08895918709646095,0.0018675662743252222,7.4112781047984106e-06,0.0,0.0
79329,0,0.0346761980307316,0.0006667021610602238,2.8130174840617977e-06,0.0,0.0
112567,0,0.058440127604306495,0.0035936023996747954,1.5534971990199408e-06,0.0,0.0
63742,1,0.05591361335774054,0.0012065896955511597,4.222834954820254e-06,0.0,0.0
114777,0,0.04030422099835775,0.004070137783849419,6.27670188927813e-07,0.0,0.0
75405,1,0.1010342723052556,0.0006263341098699961,2.931153155880896e-05,0.0,0.0
75483,1,0.07708274906748594,0.0004305570927227883,2.3552612921234377e-05,0.0,0.0
109260,0,0.078201696013956,0.004198795588833998,2.482479149356074e-06,0.0,0.0
69168,1,0.06965280150882742,0.004198795588833998,1.9333584585511295e-06,0.0,0.0
33307,0,0.05930584863942983,0.0021157029409860713,2.726469945665712e-06,0.0,0.0
51815,0,0.03795499344291903,0.0008830457137489357,2.561281600094309e-06,0.0,0.0
112209,0,0.05192983428023694,0.0011335688164599627,3.844935058717364e-06,0.0,0.0
39328,0,0.06475727575964374,0.00433150297248697,1.602810414617283e-06,0.0,0.0
5561,0,0.03970418707029019,0.00048785718098195605,5.093706824804725e-06,0.0,0.0
86583,0,0.019752305662698436,0.0003920418525378508,1.5057011869226585e-06,0.0,0.0
80316,1,0.05758627592734385,0.0002694790494263197,2.0145693250337525e-05,0.0,0.0
25748,0,0.12784373922835773,0.009708474753363424,3.1875663565705323e-06,0.0,0.0
95906,0,0.06864705959806341,0.004609572905819922,1.706182832076048e-06,0.0,0.0
92386,0,0.06289021502879744,0.0028895806206369976,2.2603251062511995e-06,0.0,0.0
48916,0,0.06667583879483574,0.0035936023996747954,2.058049354947254e-06,0.0,0.0
43754,1,0.020680633632863182,0.00036829785714047883,1.760343003490802e-06,0.0,0.0
77039,0,0.11775019846442675,0.008061990984583519,3.1875663565705323e-06,0.0,0.0
102216,0,0.0519298408114104,0.0023967313911954784,1.8162221872996068e-06,0.0,0.0
46400,1,0.08523266777616344,0.00337661276801696,3.726638839912802e-06,0.0,0.0
68135,1,0.0272145926510918,0.0015978451647420651,7.112435289654718e-07,0.0,0.0
106644,0,0.08402229626867175,0.005911069753745469,2.058049354947254e-06,0.0,0.0
12191,1,0.08402229523746675,0.0017546144219260113,6.962257909890453e-06,0.0,0.0
73793,1,0.09283209991132933,0.0020507436161568606,7.4112781047984106e-06,0.0,0.0
38048,0,0.12270769471107439,0.008061990984583519,3.50085316238225e-06,0.0,0.0
14826,1,0.08770095161312609,0.0007096703049020562,1.892514598661872e-05,0.0,0.0
8629,1,0.06289020344406579,0.0005884089269625609,1.1125603509314034e-05,0.0,0.0
118014,0,0.043437000329065244,0.003483424138929749,8.579234357751966e-07,0.0,0.0
12950,1,0.05270450161459045,0.0007096703049020562,6.339208136787267e-06,0.0,0.0
5930,0,0.0717052593532653,0.0013670255069146825,6.339208136787267e-06,0.0,0.0
115253,0,0.08895917472832064,0.008847354846091981,1.5534971990199408e-06,0.0,0.0
45079,1,0.03119562782636236,0.0010322309782936526,1.4593769169593532e-06,0.0,0.0
103407,0,0.06197561939779779,0.0031726830692822713,1.994729959312828e-06,0.0,0.0
95402,0,0.051165923629893355,0.0015978451647420651,2.642585190793824e-06,0.0,0.0
17888,0,0.10103428642833578,0.002182716953960533,8.398070032421943e-06,0.0,0.0
51406,1,0.036279974906512205,0.0015978451647420651,1.2878956762413533e-06,0.0,0.0
55522,1,0.051929837401167814,0.0022518471900497736,1.9333584585511295e-06,0.0,0.0
113983,0,0.06475728650459807,0.0023967313911954784,2.9023119851992187e-06,0.0,0.0
35135,0,0.09415636487597201,0.0027149861050945762,5.771920030068829e-06,0.0,0.0
105530,0,0.05509451352075268,0.0011695103004128338,4.222834954820254e-06,0.0,0.0
94400,0,0.08048430770007256,0.004905404780589826,2.2603251062511995e-06,0.0,0.0
28408,0,0.04215693420839081,0.0004044815611496185,6.962257909890453e-06,0.0,0.0
46755,0,0.058440153433186745,0.0007793661347695177,7.183263824896686e-06,0.0,0.0
77848,0,0.046801399785498236,0.001410358436282299,2.482479149356074e-06,0.0,0.0
45529,0,0.0676548023189244,0.0015487614480278714,4.936989537931885e-06,0.0,0.0
31836,0,0.08282753257166463,0.002472622943003016,4.785094494835719e-06,0.0,0.0
69481,1,0.05428671156730634,0.0007096703049020562,6.74805239431716e-06,0.0,0.0
76824,1,0.07933550806629712,0.0004044815611496185,2.668852956311377e-05,0.0,0.0
34692,0,0.14826363979579976,0.0038244833439267808,1.1478768126328688e-05,0.0,0.0
115413,0,0.054286709072444546,0.0012843081308850904,3.726638839912802e-06,0.0,0.0
26039,0,0.1921989027933574,0.003075369179754187,2.668852956311377e-05,0.0,0.0
52721,1,0.04821541265408263,0.001987774066425167,1.8738753836477887e-06,0.0,0.0
69256,1,0.051929844682943156,0.0013670255069146825,3.1875663565705323e-06,0.0,0.0
99491,0,0.05041267831260113,0.0017007221768206937,2.4061034870279747e-06,0.0,0.0
63418,1,0.05844015500453269,0.0010987313252676443,5.093706824804725e-06,0.0,0.0
9073,1,0.09283211877471376,0.0037072529053448575,4.092912025774258e-06,0.0,0.0
53883,1,0.02848345936387539,0.00030534899065814974,4.092912025774258e-06,0.0,0.0
108178,0,0.078201691233027,0.0010322309782936526,1.0129987357628251e-05,0.0,0.0
60940,1,0.09685570961983225,0.0029810329339968827,5.594337046452708e-06,0.0,0.0
7184,1,0.1647523459866058,0.0044683841359893966,1.2606949244634996e-05,0.0,0.0
41181,1,0.01886484702434059,0.0005357805252560689,1.0030140882062788e-06,0.0,0.0
69223,1,0.04821542601917247,0.0004173158237957614,8.93969950149795e-06,0.0,0.0
103951,0,0.05930587180594911,0.004070137783849419,1.4144766730550664e-06,0.0,0.0
32081,0,0.13136878811389535,0.0029810329339968827,1.1125603509314034e-05,0.0,0.0
58157,1,0.0575862788643271,0.0031726830692822713,1.706182832076048e-06,0.0,0.0
54007,1,0.061073437156446475,0.003945406039842732,1.5534971990199408e-06,0.0,0.0
64032,1,0.06765480977628766,0.0052201262521444506,1.4593769169593532e-06,0.0,0.0
59517,1,0.08402229626867175,0.005911069753745469,2.058049354947254e-06,0.0,0.0
36254,0,0.034156964927867295,0.0003459915412409113,5.255398212958324e-06,0.0,0.0
86992,0,0.039704185817076465,0.0007793661347695177,3.1875663565705323e-06,0.0,0.0
68414,1,0.06197560462379248,0.0038244833439267808,1.6536891917493862e-06,0.0,0.0
13900,0,0.05591359868003576,0.005730245984379375,8.851568248941973e-07,0.0,0.0
12612,1,0.10246231289231764,0.004905404780589826,3.844935058717364e-06,0.0,0.0
57280,0,0.04475413182202597,0.0016484828588918183,1.9333584585511295e-06,0.0,0.0
23588,0,0.07933552680714528,0.002550912911214397,4.222835458217393e-06,0.0,0.0
55177,1,0.044090872383900345,0.0011695103004128338,2.642585190793824e-06,0.0,0.0
110946,0,0.08770094665108459,0.00857748525531428,1.5534971990199408e-06,0.0,0.0
8286,1,0.07820170843746586,0.0015011819937681247,6.962257909890453e-06,0.0,0.0
118817,0,0.06289021057932309,0.0016484828588918183,3.966986387815789e-06,0.0,0.0
111947,0,0.09415637737738289,0.006692851264816554,2.3320756378558803e-06,0.0,0.0
64926,1,0.02266715839513857,0.0002694790494263197,2.9023119851992187e-06,0.0,0.0
100874,0,0.08523266204899328,0.007577241922677275,1.6536891917493862e-06,0.0,0.0
91015,0,0.03738856203094031,0.0010649624483902006,2.058049354947254e-06,0.0,0.0
60779,1,0.10390823928654203,0.00831578015177299,2.3320756378558803e-06,0.0,0.0
75987,1,0.08770098310972364,0.0012448435228145033,1.0783316078719877e-05,0.0,0.0
107323,0,0.06864708436814683,0.0023967313911954784,3.2887506336355264e-06,0.0,0.0
83266,0,0.037955009906426654,0.0009399439131311984,2.4061034870279747e-06,0.0,0.0
67503,1,0.05509451587784062,0.0006878511561755446,7.183263824896686e-06,0.0,0.0
9174,1,0.045426892776207595,0.0004305570927227883,7.646537349898716e-06,0.0,0.0
21702,0,0.10246233984997159,0.004609572905819922,4.092912025774258e-06,0.0,0.0
98801,0,0.09283212652914684,0.002550912911214397,5.955140768331919e-06,0.0,0.0
1029,0,0.0696528194481613,0.005911069753745469,1.3709578605790399e-06,0.0,0.0
44127,0,0.13681080345969351,0.009412590343086962,3.844935058717364e-06,0.0,0.0
12801,1,0.078201707602763,0.0018675662743252222,5.594337046452708e-06,0.0,0.0
21961,0,0.0397041844334057,0.0017007221768206937,1.4593769169593532e-06,0.0,0.0
102892,0,0.04610926764166425,0.001325022200004762,2.561281600094309e-06,0.0,0.0
887,1,0.1295960502413698,0.0031726830692822713,1.0129987357628251e-05,0.0,0.0
45950,0,0.08164825955048563,0.0017007221768206937,6.74805239431716e-06,0.0,0.0
15150,1,0.16909778296793448,0.0017007221768206937,3.5356254934266316e-05,0.0,0.0
31299,0,0.09962392587406668,0.003945406039842732,4.495180506736813e-06,0.0,0.0
31419,0,0.13681078891357792,0.005554924449029013,6.540436447118119e-06,0.0,0.0
35518,0,0.14244128723556437,0.0016484828588918183,2.430025232305379e-05,0.0,0.0
3192,0,0.0468014011331824,0.0013670255069146825,2.561281600094309e-06,0.0,0.0
16128,0,0.1584028574208768,0.0031726830692822713,1.6187581434031322e-05,0.0,0.0
80686,1,0.08164826145210209,0.0004173158237957614,2.753568782174604e-05,0.0,0.0
60596,1,0.0489375524039222,0.0007321813269898655,5.255398212958324e-06,0.0,0.0
53033,1,0.03520304658646111,0.0007321813269898655,2.642585190793824e-06,0.0,0.0
99848,0,0.09283208718696716,0.006097561309262689,2.482479149356074e-06,0.0,0.0
25683,0,0.09415635147081403,0.0018675662743252222,8.398070032421943e-06,0.0,0.0
54784,1,0.05674413597135872,0.0008295890015896191,6.339208136787267e-06,0.0,0.0
44805,0,0.08282754064554884,0.0017546144219260113,6.74805239431716e-06,0.0,0.0
41254,1,0.01801652982709237,0.0003459915412409113,1.4144766730550664e-06,0.0,0.0
112808,0,0.029809653120461802,0.0013670255069146825,1.0030140882062788e-06,0.0,0.0
118096,0,0.09283208791572518,0.0008559005270359918,1.777854550238982e-05,0.0,0.0
101149,0,0.12784375149318472,0.0038244833439267808,8.13969650595823e-06,0.0,0.0
94317,0,0.08282753526919481,0.0032730656975854832,3.6119822000929285e-06,0.0,0.0
21534,0,0.09962395928978734,0.005554924449029013,3.1875663565705323e-06,0.0,0.0
111300,0,0.07381343927772749,0.0022518471900497736,4.092912025774258e-06,0.0,0.0
80197,0,0.08645885068187326,0.0021157029409860713,6.144177531850823e-06,0.0,0.0
92095,0,0.04215692606229012,0.0010987313252676443,2.561281600094309e-06,0.0,0.0
116743,0,0.055913622907541226,0.0015487614480278714,3.2887506336355264e-06,0.0,0.0
98948,0,0.08164826199918397,0.001926734293943221,5.955140768331919e-06,0.0,0.0
55934,1,0.07275231409404352,0.0023231623267394954,3.844935058717364e-06,0.0,0.0
71593,1,0.05591359841349466,0.0006667021610602238,7.646537349898716e-06,0.0,0.0
58840,1,0.07381342694919667,0.001410358436282299,6.540436447118119e-06,0.0,0.0
100570,0,0.10537209888095243,0.009708474753363424,2.058049354947254e-06,0.0,0.0
110370,0,0.039112708455833284,0.0007321813269898655,3.2887506336355264e-06,0.0,0.0
19911,0,0.05192984516732694,0.0020507436161568606,2.1233789686808042e-06,0.0,0.0
96755,0,0.0748887596467916,0.0038244833439267808,2.482479149356074e-06,0.0,0.0
96814,0,0.02936106570497439,0.0016484828588918183,8.059445243531904e-07,0.0,0.0
32849,0,0.07820171267390327,0.0009110513587503458,1.1478768126328688e-05,0.0,0.0
72186,1,0.07597849627244616,0.005554925104976843,1.760343003490802e-06,0.0,0.0
67633,1,0.06864705973201514,0.003945406039842732,1.994729959312828e-06,0.0,0.0
37037,0,0.2571594626155406,0.0032730656975854832,5.307505917183706e-05,0.0,0.0
107924,0,0.10246231747466089,0.0071214297960611106,2.642585190793824e-06,0.0,0.0
113472,0,0.0454268853876002,0.003945406039842732,8.315279285380715e-07,0.0,0.0
50228,1,0.06667585373306874,0.0031726830692822713,2.3320756378558803e-06,0.0,0.0
5768,1,0.07708276129026435,0.0014550627830884635,6.962257909890453e-06,0.0,0.0
35161,0,0.0954975074593014,0.00433150297248697,3.726638839912802e-06,0.0,0.0
81274,0,0.05674414711140317,0.0031726830692822713,1.6536891917493862e-06,0.0,0.0
76533,1,0.09415636554436822,0.0014550627830884635,1.0783316078719877e-05,0.0,0.0
46978,1,0.055094503642210184,0.0012843081308850904,3.844935058717364e-06,0.0,0.0
82237,0,0.06381738061238369,0.002550912911214397,2.642585190793824e-06,0.0,0.0
100447,0,0.09685573721695052,0.0032730656975854832,5.093706824804725e-06,0.0,0.0
27873,0,0.09283210317671492,0.00337661276801696,4.495180506736813e-06,0.0,0.0
119087,0,0.07708276613991752,0.0006462031557728052,1.568955720703011e-05,0.0,0.0
87530,0,0.05591361622745156,0.0010005044957413633,5.093706824804725e-06,0.0,0.0
100490,0,0.20975381272922894,0.0038244833439267808,2.668852956311377e-05,0.0,0.0
108770,0,0.04821540641681895,0.0014550627830884635,2.561281600094309e-06,0.0,0.0
4829,1,0.09415635410324684,0.00433150297248697,3.6119822000929285e-06,0.0,0.0
46528,0,0.1114109065181434,0.0031726830692822713,7.183263824896686e-06,0.0,0.0
69663,1,0.05192983269100218,0.0004728544379729081,9.22346791068853e-06,0.0,0.0
86248,0,0.11938310298060541,0.0023231623267394954,1.1478768126328688e-05,0.0,0.0
45321,1,0.09415636188667045,0.001987774066425167,7.889264466933239e-06,0.0,0.0
111344,0,0.03795499419325093,0.0037072529053448575,6.083588191471314e-07,0.0,0.0
118847,0,0.08523266192192429,0.00831578015177299,1.5057011869226585e-06,0.0,0.0
80035,1,0.055094527408895595,0.0002531564847248405,1.9525894515401004e-05,0.0,0.0
89727,0,0.05591361335774054,0.0012065896955511597,4.222834954820254e-06,0.0,0.0
61303,1,0.04030423193366045,0.0012065896955511597,2.1233789686808042e-06,0.0,0.0
14892,1,0.13497604903833924,0.002182716953960533,1.6187581434031322e-05,0.0,0.0
70148,1,0.05041268195780852,0.0004583129617247757,8.93969950149795e-06,0.0,0.0
43574,0,0.059305849970903934,0.0035936023996747954,1.602810605686697e-06,0.0,0.0
69276,1,0.040304235899547125,0.0007554055970964759,3.393146430930522e-06,0.0,0.0
68890,1,0.056744150220687475,0.0029810329339968827,1.760343003490802e-06,0.0,0.0
32063,0,0.12611168162128228,0.005911069753745469,5.093706824804725e-06,0.0,0.0
77426,0,0.06965278903129399,0.004905405360218095,1.6536891917493862e-06,0.0,0.0
36977,0,0.09415636435986834,0.0032730656975854832,4.785094494835719e-06,0.0,0.0
84031,0,0.03738856450298466,0.001926734293943221,1.1365639816447222e-06,0.0,0.0
98517,0,0.13866651495036178,0.0053849370015672145,6.962258739847377e-06,0.0,0.0
48987,0,0.07488878651224475,0.0028895806206369976,3.2887506336355264e-06,0.0,0.0
116052,0,0.04215692394808346,0.0009697518580996581,2.9023119851992187e-06,0.0,0.0
99225,0,0.05674414469375256,0.0028895806206369976,1.8162221872996068e-06,0.0,0.0
118811,0,0.04091296329419919,0.0022518471900497736,1.1726423529557974e-06,0.0,0.0
40353,0,0.021651631382112804,0.0004173158237957614,1.706182832076048e-06,0.0,0.0
117701,0,0.06475726992822908,0.0010649624483902006,6.540436447118119e-06,0.0,0.0
118205,0,0.09415637801273366,0.004755200222770245,3.2887506336355264e-06,0.0,0.0
105433,0,0.07488877950688042,0.0013670255069146825,6.962257909890453e-06,0.0,0.0
44125,0,0.0628901989741702,0.002472622943003016,2.642585190793824e-06,0.0,0.0
66909,1,0.05192982974386331,0.0017546144219260113,2.482479149356074e-06,0.0,0.0
80508,1,0.07488877429437733,0.0007096703049020562,1.3420015103331787e-05,0.0,0.0
80469,0,0.031671315199894474,0.0021157029409860713,7.33820805568835e-07,0.0,0.0
102841,0,0.09549751497991807,0.0020507436161568606,7.889264466933239e-06,0.0,0.0
112983,0,0.040912958516011635,0.001325022200004762,1.994729959312828e-06,0.0,0.0
33313,0,0.05674414322317789,0.001987774066425167,2.642585190793824e-06,0.0,0.0
40944,1,0.09685572299096643,0.004070137783849419,4.092912025774258e-06,0.0,0.0
105407,0,0.06289021417805413,0.0031726830692822713,2.058049354947254e-06,0.0,0.0
103731,0,0.12103559275999967,0.001410358436282299,1.9525894515401004e-05,0.0,0.0
15756,1,0.10246232866927354,0.0009399439131311984,2.0145693250337525e-05,0.0,0.0
94893,0,0.04750340293598456,0.0023231623267394954,1.5534971990199408e-06,0.0,0.0
25065,0,0.05428671422454078,0.0044683841359893966,1.0677029973235123e-06,0.0,0.0
59498,1,0.06667584378241541,0.0015487614480278714,4.785094494835719e-06,0.0,0.0
38339,0,0.03026487524436423,0.0005527785524441058,2.561281600094309e-06,0.0,0.0
117066,0,0.06864707593527929,0.002550912911214397,3.089495184583075e-06,0.0,0.0
6003,1,0.06965279003446552,0.0022518471900497736,3.6119822000929285e-06,0.0,0.0
17450,0,0.08895918597768435,0.0014550627830884635,9.51625169373602e-06,0.0,0.0
115924,0,0.06571005807344513,0.0012448435228145033,5.771920718126135e-06,0.0,0.0
108705,0,0.059305867483630835,0.0017007221768206937,3.393146430930522e-06,0.0,0.0
56157,0,0.031671318738883916,0.0008295890015896191,1.8738753836477887e-06,0.0,0.0
104262,0,0.05270452973172624,0.0018675662743252222,2.4061034870279747e-06,0.0,0.0
29722,0,0.17578643086859336,0.004609572905819922,1.4285517648638257e-05,0.0,0.0
44345,0,0.10537211797616822,0.006488270281051803,3.089495184583075e-06,0.0,0.0
31572,0,0.06667583491507754,0.0015011819937681247,4.936989537931885e-06,0.0,0.0
12375,1,0.03852966721878694,0.0006462031557728052,3.6119822000929285e-06,0.0,0.0
14049,0,0.09415635470851906,0.0028009272903275605,5.594337046452708e-06,0.0,0.0
30684,0,0.061073448727746935,0.0007321813269898655,8.398070032421943e-06,0.0,0.0
114621,0,0.06018358578870306,0.0014550627830884635,4.092912025774258e-06,0.0,0.0
27831,0,0.04680139885592145,0.0023231623267394954,1.5057011869226585e-06,0.0,0.0
22221,0,0.05591360720628724,0.0010987313252676443,4.637872744428124e-06,0.0,0.0
7689,1,0.055913595742088734,0.000804085962940771,6.339208136787267e-06,0.0,0.0
63670,1,0.05428671659419219,0.0015011819937681247,3.1875663565705323e-06,0.0,0.0
46185,0,0.061073455888318424,0.0028895806206369976,2.1233789686808042e-06,0.0,0.0
48976,1,0.0230159014374153,0.00018522578424111868,4.356878425291134e-06,0.0,0.0
3129,0,0.04153048158978846,0.0007554055970964759,3.6119822000929285e-06,0.0,0.0
56311,1,0.05930585475651386,0.0006878511561755446,8.398071033533918e-06,0.0,0.0
10403,1,0.11296713279983413,0.001926734293943221,1.2219074562959139e-05,0.0,0.0
41861,0,0.040912966012180314,0.0023967313911954784,1.1015954913197063e-06,0.0,0.0
53894,1,0.04153048029121363,0.0017546144219260113,1.5534971990199408e-06,0.0,0.0
55345,1,0.124399731954046,0.0018675662743252222,1.568955720703011e-05,0.0,0.0
115229,0,0.019156235781969295,0.0004442183150875949,1.2482711926084274e-06,0.0,0.0
22061,0,0.07381342601073447,0.004905404780589826,1.8738753836477887e-06,0.0,0.0
40026,0,0.049669925152016445,0.0007554055970964759,5.255398212958324e-06,0.0,0.0
6462,1,0.06475726912357123,0.0006878511561755446,1.0129987357628251e-05,0.0,0.0
38777,0,0.10685416828479086,0.001926734293943221,1.0783316078719877e-05,0.0,0.0
29852,0,0.24830739592765622,0.004755200222770245,3.3214190970250366e-05,0.0,0.0
91741,0,0.03627996207175434,0.0008295890015896191,2.482479149356074e-06,0.0,0.0
51937,0,0.1386665253573364,0.002182716953960533,1.7231574803700495e-05,0.0,0.0
101151,0,0.05930585751767511,0.0028895806206369976,1.994729959312828e-06,0.0,0.0
109939,0,0.08402228874120003,0.001410358436282299,8.664654180478202e-06,0.0,0.0
7320,1,0.07381344901903349,0.0017546144219260113,5.255398212958324e-06,0.0,0.0
39985,0,0.024463981942158118,0.0003353500316799018,2.726469945665712e-06,0.0,0.0
96992,0,0.08770096803667635,0.004609572905819922,2.9023119851992187e-06,0.0,0.0
44435,1,0.05844012392469439,0.0006070754685282924,9.223466811192458e-06,0.0,0.0
26709,0,0.05844014174416061,0.0007096703049020562,7.889264466933239e-06,0.0,0.0
1015,1,0.053490093375192053,0.0012065896955511597,3.844935058717364e-06,0.0,0.0
61670,1,0.07488877009940256,0.003483424138929749,2.726469945665712e-06,0.0,0.0
65678,1,0.09549751422648749,0.003075369179754187,5.255398212958324e-06,0.0,0.0
81459,0,0.036279967266520066,0.0011335688164599627,1.8162221872996068e-06,0.0,0.0
112762,0,0.06381738016342678,0.0012448435228145033,5.42221767718423e-06,0.0,0.0
71243,1,0.04750341578848337,0.0017546144219260113,2.058049354947254e-06,0.0,0.0
73238,1,0.10537210650684015,0.002631674240722588,7.646537349898716e-06,0.0,0.0
29464,0,0.12103556473001265,0.005730245984379375,4.785094494835719e-06,0.0,0.0
53917,1,0.058440123321941866,0.0015978451647420651,3.50085316238225e-06,0.0,0.0
27209,0,0.2176294222920685,0.00433150297248697,2.5867434156255456e-05,0.0,0.0
45018,1,0.029361075409295785,0.0009399439131311984,1.4144766730550664e-06,0.0,0.0
96406,0,0.039704173134824314,0.003483424138929749,7.112435289654718e-07,0.0,0.0
113428,0,0.07275230317022885,0.0035936023996747954,2.482479149356074e-06,0.0,0.0
36858,0,0.10246232449962298,0.0015011819937681247,1.2606949244634996e-05,0.0,0.0
106612,0,0.049669917710519006,0.002182716953960533,1.8162221872996068e-06,0.0,0.0
46144,0,0.06289022601315845,0.0028009272903275605,2.3320756378558803e-06,0.0,0.0
46850,1,0.05041266407097534,0.002631674240722588,1.5534971990199408e-06,0.0,0.0
102444,0,0.09415633277552404,0.006289901135666448,2.482479149356074e-06,0.0,0.0
70687,1,0.05116593948830716,0.0007321813269898655,5.771920718126135e-06,0.0,0.0
1222,1,0.075978501936266,0.00337661276801696,2.9023119851992187e-06,0.0,0.0
36210,0,0.07275233291064438,0.0028009272903275605,3.1875663565705323e-06,0.0,0.0
62612,1,0.025220969078960286,0.00035697061228301934,2.726469945665712e-06,0.0,0.0
54045,1,0.03264385574997834,0.0004442183150875949,3.726638839912802e-06,0.0,0.0
112424,0,0.031195623073042845,0.0007096703049020562,2.1233789686808042e-06,0.0,0.0
30319,0,0.1349760179861892,0.0053849370015672145,6.540436447118119e-06,0.0,0.0
64023,1,0.04966990264002209,0.0011335688164599627,3.50085316238225e-06,0.0,0.0
18455,0,0.06381739219979046,0.0032730656975854832,2.058049354947254e-06,0.0,0.0
59139,1,0.06864707644338575,0.0007321813269898655,1.0783316078719877e-05,0.0,0.0
66101,1,0.04030421957762816,0.0010322309782936526,2.482479149356074e-06,0.0,0.0
19100,0,0.18739373562947004,0.0035936023996747954,2.1444958641491428e-05,0.0,0.0
17306,0,0.059305855157482795,0.0006667021610602238,8.664654180478202e-06,0.0,0.0
117700,0,0.06667583068802713,0.001926734293943221,3.844935058717364e-06,0.0,0.0
11964,1,0.10835453481846134,0.010986941578116865,1.9333584585511295e-06,0.0,0.0
45425,0,0.04153049294202178,0.001926734293943221,1.4144766730550664e-06,0.0,0.0
45506,1,0.0954974844808504,0.001926734293943221,8.398070032421943e-06,0.0,0.0
100993,0,0.10987337606093565,0.003483424138929749,6.339208136787267e-06,0.0,0.0
71514,1,0.06107344374526009,0.0023231623267394954,2.642585190793824e-06,0.0,0.0
69169,1,0.05270451233850963,0.0012448435228145033,3.6119822000929285e-06,0.0,0.0
32496,0,0.03215403898401711,0.0003250358280631563,4.936990126459539e-06,0.0,0.0
69721,1,0.04542688673775127,0.0007096703049020562,4.637872744428124e-06,0.0,0.0
12158,1,0.06197561939779779,0.0031726830692822713,1.994729959312828e-06,0.0,0.0
7938,1,0.08048429437138144,0.001926734293943221,5.771920030068829e-06,0.0,0.0
28719,0,0.11296716609564297,0.00337661276801696,6.962257909890453e-06,0.0,0.0
93274,0,0.06381738257378439,0.003075369179754187,2.190782104892756e-06,0.0,0.0
12126,1,0.08402227008851697,0.0035936023996747954,3.3931435994777406e-06,0.0,0.0
73108,1,0.0828275381081904,0.0053849370015672145,2.190782104892756e-06,0.0,0.0
55626,1,0.049669909170865924,0.0008559005270359918,4.637872744428124e-06,0.0,0.0
73507,1,0.09415635120405476,0.005911069753745469,2.642585190793824e-06,0.0,0.0
34500,0,0.046109268091887264,0.0005357805252560689,6.339208136787267e-06,0.0,0.0
17688,0,0.07170527532827481,0.0021157029409860713,4.092912025774258e-06,0.0,0.0
69365,1,0.048937536827640286,0.0006667021610602238,5.771920718126135e-06,0.0,0.0
30310,0,0.0706721604415985,0.0028009272903275605,2.994441338322032e-06,0.0,0.0
80348,1,0.05758627592734385,0.0002694790494263197,2.0145693250337525e-05,0.0,0.0
29736,0,0.10537209147122958,0.0021157029409860713,9.51625169373602e-06,0.0,0.0
38234,0,0.14630131958532644,0.006488270281051803,6.540436447118119e-06,0.0,0.0
76243,1,0.23401361474883817,0.007577241922677275,1.777854550238982e-05,0.0,0.0
53080,1,0.04153048463082869,0.0007096703049020562,3.844935058717364e-06,0.0,0.0
30311,0,0.03314088542731613,0.0003920418525378508,4.356878425291134e-06,0.0,0.0
31679,0,0.11775020737623493,0.0032730656975854832,7.889264466933239e-06,0.0,0.0
100619,0,0.12784370298753425,0.011687255295588348,2.642585190793824e-06,0.0,0.0
42407,0,0.05674416326846245,0.0022518471900497736,2.3320756378558803e-06,0.0,0.0
94200,0,0.06965278903129399,0.004905405360218095,1.6536891917493862e-06,0.0,0.0
116737,0,0.1129671422509097,0.0028009272903275605,8.398070032421943e-06,0.0,0.0
70994,1,0.09549752588150683,0.006692851264816554,2.4061034870279747e-06,0.0,0.0
88924,0,0.12784374156180311,0.0028895806206369976,1.0783316078719877e-05,0.0,0.0
72684,1,0.05591361251294293,0.002550912911214397,1.994729959312828e-06,0.0,0.0
52989,1,0.03520304658646111,0.0007321813269898655,2.642585190793824e-06,0.0,0.0
108407,0,0.06965279766098596,0.001410358436282299,5.771920030068829e-06,0.0,0.0
43054,0,0.07488878189299802,0.0008830457137489357,1.0783316078719877e-05,0.0,0.0
64715,1,0.037388555404685324,0.0013670255069146825,1.602810414617283e-06,0.0,0.0
79733,0,0.06381739733958326,0.0020507436161568606,3.2887506336355264e-06,0.0,0.0
16343,0,0.10103426846155335,0.001410358436282299,1.3007123813725573e-05,0.0,0.0
88677,0,0.04966991261372612,0.0013670255069146825,2.9023119851992187e-06,0.0,0.0
41377,0,0.12103556232716195,0.0017007221768206937,1.6187581434031322e-05,0.0,0.0
84336,0,0.08895921271318957,0.004198795588833998,3.2887506336355264e-06,0.0,0.0
64246,1,0.13136883106472966,0.006488270281051803,5.093706824804725e-06,0.0,0.0
22635,0,0.0759784875633923,0.0015011819937681247,6.540436447118119e-06,0.0,0.0
28441,0,0.06571004519855493,0.0028009272903275605,2.561281600094309e-06,0.0,0.0
88294,0,0.0840222632614681,0.007815887019844698,1.5534971990199408e-06,0.0,0.0
99636,0,0.1145423566391863,0.001926734293943221,1.2606949244634996e-05,0.0,0.0
83452,0,0.03314088626955026,0.0010005044957413633,1.706182832076048e-06,0.0,0.0
50192,0,0.07597851730977954,0.004198795588833998,2.3320756378558803e-06,0.0,0.0
3066,0,0.09962393551207982,0.003075369179754187,5.771920030068829e-06,0.0,0.0
3585,1,0.04542689977221631,0.0010987313252676443,2.994441338322032e-06,0.0,0.0
14161,0,0.055913608346458775,0.0023231623267394954,2.190782104892756e-06,0.0,0.0
68383,1,0.04343701127770256,0.0009399439131311984,3.1875663565705323e-06,0.0,0.0
42837,0,0.04409088410320406,0.0015487614480278714,1.994729959312828e-06,0.0,0.0
10698,1,0.05509450921836992,0.0005193049800551674,9.51625169373602e-06,0.0,0.0
64279,1,0.051165935552242026,0.001926734293943221,2.190782104892756e-06,0.0,0.0
39870,0,0.12439971584263837,0.00433150297248697,6.74805239431716e-06,0.0,0.0
7852,1,0.062890220188145,0.0020507436161568606,3.1875663565705323e-06,0.0,0.0
91814,0,0.061975622125107224,0.001926734293943221,3.2887506336355264e-06,0.0,0.0
64197,1,0.0676548134111196,0.0032730656975854832,2.3320756378558803e-06,0.0,0.0
43880,1,0.06571004751467747,0.0007554055970964759,9.51625169373602e-06,0.0,0.0
13491,1,0.129596095357982,0.0020507436161568606,1.568955720703011e-05,0.0,0.0
82003,0,0.034156961055343986,0.0015011819937681247,1.2098659719807352e-06,0.0,0.0
105260,0,0.09549750621251346,0.005554925104976843,2.9023119851992187e-06,0.0,0.0
116986,0,0.05758628201693866,0.0029810329339968827,1.8162221872996068e-06,0.0,0.0
113903,0,0.04475412836806609,0.0018102108585498632,1.760343003490802e-06,0.0,0.0
68942,1,0.04475413958347438,0.001325022200004762,2.4061034870279747e-06,0.0,0.0
73652,1,0.06765480371800532,0.0023231623267394954,3.2887506336355264e-06,0.0,0.0
90071,0,0.06018359235491479,0.0009697518580996581,6.144177531850823e-06,0.0,0.0
8262,0,0.1053720970791145,0.0021157031921723675,9.51625169373602e-06,0.0,0.0
69699,1,0.04279238571952894,0.0011695103004128338,2.482479149356074e-06,0.0,0.0
88499,0,0.06381737564974597,0.0018102108585498632,3.726638839912802e-06,0.0,0.0
70887,1,0.05930585790082175,0.002182716953960533,2.642585190793824e-06,0.0,0.0
79599,0,0.10390820624753715,0.010013570327733808,1.9333584585511295e-06,0.0,0.0
92385,0,0.0686470700479675,0.0037072529053448575,2.1233789686808042e-06,0.0,0.0
508,0,0.06765479912811652,0.0012843081308850904,5.955140768331919e-06,0.0,0.0
58323,1,0.046801417422360665,0.002472622943003016,1.4144766730550664e-06,0.0,0.0
88293,0,0.049669905244772584,0.0015011819937681247,2.642585190793824e-06,0.0,0.0
72644,1,0.03738856471874632,0.0012448435228145033,1.760343003490802e-06,0.0,0.0
37412,0,0.13866651760366305,0.0032730656975854832,1.1478768126328688e-05,0.0,0.0
20416,0,0.14436055276229517,0.010986941578116865,3.726638839912802e-06,0.0,0.0
39463,0,0.1129671475130135,0.00433150297248697,5.42221767718423e-06,0.0,0.0
80140,0,0.044754137662441365,0.0032730656975854832,9.721546189377177e-07,0.0,0.0
83997,0,0.09962392957928153,0.0017546144219260113,1.0129987357628251e-05,0.0,0.0
97635,0,0.06289021502879744,0.0028895806206369976,2.2603251062511995e-06,0.0,0.0
78877,0,0.10390819417163069,0.0035936023996747954,5.42221767718423e-06,0.0,0.0
75480,1,0.07708274906748594,0.0004305570927227883,2.3552612921234377e-05,0.0,0.0
50193,1,0.04343699900368559,0.0018675662743252222,1.602810414617283e-06,0.0,0.0
37792,0,0.024093853158297894,0.002182716953960533,4.052547125595517e-07,0.0,0.0
70234,1,0.056744136175875586,0.0021157029409860713,2.482479149356074e-06,0.0,0.0
43761,1,0.020680633632863182,0.00036829785714047883,1.760343003490802e-06,0.0,0.0
103423,0,0.09152460591837061,0.006903836628141824,2.1233789686808042e-06,0.0,0.0
74028,1,0.1068541509958915,0.0006263341098699961,3.3214190970250366e-05,0.0,0.0
9392,1,0.07488875896905409,0.0021157029409860713,4.495180506736813e-06,0.0,0.0
49222,0,0.1386665207537761,0.0020507436161568606,1.8342897697990773e-05,0.0,0.0
69698,1,0.0575862822252742,0.001410358436282299,3.844935058717364e-06,0.0,0.0
60851,1,0.03072683713699989,0.0005033355117032025,2.9023119851992187e-06,0.0,0.0
50633,1,0.05509450521497495,0.0016484828588918183,2.994441338322032e-06,0.0,0.0
111156,0,0.07170529004697648,0.0012065896955511597,7.183263824896686e-06,0.0,0.0
71411,1,0.13497604903833924,0.002182716953960533,1.6187581434031322e-05,0.0,0.0
58691,1,0.05116594620567499,0.0012843081308850904,3.2887506336355264e-06,0.0,0.0
58474,1,0.05270451863142717,0.0007554055970964759,5.955140768331919e-06,0.0,0.0
57004,1,0.1368108100393552,0.002550912911214397,1.4285517648638257e-05,0.0,0.0
101412,0,0.028054244305175068,0.0018675662743252222,6.475945666070602e-07,0.0,0.0
82676,1,0.039112693150783175,0.00013982202428294624,1.7231574803700495e-05,0.0,0.0
77730,0,0.085232695454483,0.0015487614480278714,8.13969650595823e-06,0.0,0.0
84328,0,0.08402230132124136,0.001987774066425167,6.144177531850823e-06,0.0,0.0
31795,0,0.08645884915580472,0.002631674240722588,4.936989537931885e-06,0.0,0.0
57203,1,0.05591361622745156,0.0010005044957413633,5.093706824804725e-06,0.0,0.0
19001,0,0.06289020737880156,0.0022518471900497736,2.9023119851992187e-06,0.0,0.0
2958,1,0.14436054682502858,0.001987774066425167,2.0785165475135268e-05,0.0,0.0
84048,0,0.09023367941390326,0.002631674240722588,5.42221767718423e-06,0.0,0.0
41368,0,0.07488875630314039,0.0015011819937681247,6.339208136787267e-06,0.0,0.0
51601,1,0.08523266842392256,0.0014550627830884635,8.664654180478202e-06,0.0,0.0
4946,0,0.026803982491792576,0.0002694790494263197,4.092912025774258e-06,0.0,0.0
107420,0,0.12611168162128228,0.005911069753745469,5.093706824804725e-06,0.0,0.0
76017,1,0.08282753164626763,0.0012843082836406087,9.22346791068853e-06,0.0,0.0
94432,0,0.027631320132733908,0.0007793661347695177,1.5057011869226585e-06,0.0,0.0
81399,0,0.01975230577540869,0.0006070754685282924,9.721546189377177e-07,0.0,0.0
101922,0,0.1331620982617333,0.0038244833439267808,8.93969950149795e-06,0.0,0.0
9422,1,0.05674414908933328,0.0004305570927227883,1.2219074562959139e-05,0.0,0.0
82586,0,0.11775019483447496,0.0028895806206369976,8.93969950149795e-06,0.0,0.0
96383,0,0.07381341708105492,0.005730245984379375,1.602810414617283e-06,0.0,0.0
70409,1,0.08645886214857938,0.005554925104976843,2.3320756378558803e-06,0.0,0.0
44950,0,0.02165162733231449,0.0004728543816584347,1.5057011869226585e-06,0.0,0.0
38066,0,0.08645883512456334,0.003483424138929749,3.726638839912802e-06,0.0,0.0
17573,0,0.07067216827097224,0.0027149861050945762,3.089495184583075e-06,0.0,0.0
95678,0,0.061975626855902834,0.0044683841359893966,1.4144766730550664e-06,0.0,0.0
62595,1,0.10537212333174112,0.00857748525531428,2.3320756378558803e-06,0.0,0.0
24507,0,0.06965280514084388,0.0016484828588918183,4.936990126459539e-06,0.0,0.0
104831,0,0.06571004357951592,0.0015011819937681247,4.785094494835719e-06,0.0,0.0
101066,0,0.09283211191230586,0.00831578015177299,1.8162221872996068e-06,0.0,0.0
29637,0,0.17353405629560037,0.003707253343925564,1.7231574803700495e-05,0.0,0.0
66941,1,0.059305856712350384,0.0031726830692822713,1.8162221872996068e-06,0.0,0.0
93282,0,0.0852326854849876,0.008847354846091981,1.4144766730550664e-06,0.0,0.0
5800,0,0.040912960882077826,0.0005703158181576567,4.637872744428124e-06,0.0,0.0
15753,1,0.10246232866927354,0.0009399439131311984,2.0145693250337525e-05,0.0,0.0
16760,0,0.10835454433554823,0.0017007221768206937,1.2606949244634996e-05,0.0,0.0
96984,0,0.06381738218414365,0.0017546144219260113,3.844935058717364e-06,0.0,0.0
38573,0,0.05930585837805848,0.0014550627830884635,3.966986387815789e-06,0.0,0.0
114678,0,0.0527045104351265,0.002631674240722588,1.706182832076048e-06,0.0,0.0
4474,1,0.0828275283174985,0.0018675662743252222,6.339208136787267e-06,0.0,0.0
25071,0,0.08645882779569682,0.0020507436161568606,6.339208136787267e-06,0.0,0.0
4504,1,0.08770094845236613,0.0018102108585498632,7.4112781047984106e-06,0.0,0.0
105273,0,0.07275232555219167,0.004070137783849419,2.190782104892756e-06,0.0,0.0
87828,0,0.12611164092534677,0.007815887019844698,3.844935058717364e-06,0.0,0.0
92966,0,0.055913611640347693,0.0038244833439267808,1.3287778191852582e-06,0.0,0.0
79784,1,0.05758627592734385,0.0002694790494263197,2.0145693250337525e-05,0.0,0.0
70570,1,0.04409088618834566,0.0007321813269898655,4.222834954820254e-06,0.0,0.0
4597,0,0.04153048667906304,0.0007321813269898655,3.726638839912802e-06,0.0,0.0
106726,0,0.05930586152931153,0.0009697518580996581,5.955140768331919e-06,0.0,0.0
68615,1,0.058440127204382554,0.0006070754685282924,9.22346791068853e-06,0.0,0.0
42564,0,0.08770098368481105,0.005554925104976843,2.4061034870279747e-06,0.0,0.0
74982,1,0.08402231164352973,0.0005703158181576567,2.1444958641491428e-05,0.0,0.0
44986,0,0.02165162733231449,0.0004728543816584347,1.5057011869226585e-06,0.0,0.0
118726,0,0.07708278132886605,0.0023967313911954784,4.222835458217393e-06,0.0,0.0
85298,0,0.05041266044015597,0.0016484828588918183,2.482479149356074e-06,0.0,0.0
70959,1,0.06018359293310178,0.0018102108585498632,3.2887506336355264e-06,0.0,0.0
16045,0,0.29133481431113095,0.006903836628141824,3.5356254934266316e-05,0.0,0.0
52425,1,0.04215693327095389,0.0008559005270359918,3.2887506336355264e-06,0.0,0.0
109828,0,0.09415636122878529,0.0011695103004128338,1.3420015103331787e-05,0.0,0.0
73116,1,0.037954994361137195,0.0013670255069146825,1.6536891917493862e-06,0.0,0.0
51135,1,0.07170527014440342,0.005060332552440032,1.706182832076048e-06,0.0,0.0
83648,0,0.04153047842139511,0.0015978451647420651,1.706182832076048e-06,0.0,0.0
1160,1,0.06571003938795605,0.001987774066425167,3.6119822000929285e-06,0.0,0.0
10363,1,0.06965279766098596,0.001410358436282299,5.771920030068829e-06,0.0,0.0
31046,0,0.14630136475037298,0.002182716953960533,1.9525894515401004e-05,0.0,0.0
102621,0,0.07708274906283547,0.005730245984379375,1.760343003490802e-06,0.0,0.0
46768,1,0.04409088192095231,0.0009697518580996581,3.1875663565705323e-06,0.0,0.0
37557,0,0.0954975280427739,0.002631674240722588,6.144177531850823e-06,0.0,0.0
55233,1,0.08048429369795904,0.0010649624483902006,1.0451548051167401e-05,0.0,0.0
88681,0,0.059305854588604205,0.00337661276801696,1.706182832076048e-06,0.0,0.0
38327,0,0.06965279172020918,0.0014550627830884635,5.594337046452708e-06,0.0,0.0
80931,0,0.10246231304237934,0.007345826954777488,2.561281600094309e-06,0.0,0.0
102140,0,0.06667583068802713,0.001926734293943221,3.844935058717364e-06,0.0,0.0
16586,0,0.056744154943739106,0.0017546144219260113,2.994441338322032e-06,0.0,0.0
53808,1,0.026399398613213658,0.000315038828619097,3.3931435994777406e-06,0.0,0.0
62231,1,0.12439969628883153,0.0017007221768206937,1.7231574803700495e-05,0.0,0.0
80053,1,0.10103428465123092,0.0005703158181576567,3.219232680540536e-05,0.0,0.0
77108,0,0.0727523283672201,0.0017007221768206937,5.255398212958324e-06,0.0,0.0
65970,1,0.03627997401511723,0.0017007221768206937,1.2098659719807352e-06,0.0,0.0
23837,0,0.27860140013807166,0.010013570327733808,2.1444958641491428e-05,0.0,0.0
60196,1,0.06571005096218241,0.0005884089269625609,1.2219074562959139e-05,0.0,0.0
59245,1,0.06765478591086989,0.004755200222770245,1.602810605686697e-06,0.0,0.0
8077,1,0.07708276068201354,0.002182716953960533,4.637872744428124e-06,0.0,0.0
74183,1,0.12611165920616735,0.003483424138929749,8.664654180478202e-06,0.0,0.0
112595,0,0.08282753649856091,0.004070137783849419,2.9023119851992187e-06,0.0,0.0
41021,0,0.020999475409886156,0.0012843081308850904,5.203573532958167e-07,0.0,0.0
60834,1,0.07933549736099856,0.00433150297248697,2.482479149356074e-06,0.0,0.0
35935,0,0.12611164590071913,0.0028895806206369976,1.0451548051167401e-05,0.0,0.0
59067,1,0.04215693038700622,0.0008830457137489357,3.1875663565705323e-06,0.0,0.0
84536,0,0.14826361672390953,0.002472622943003016,1.777854550238982e-05,0.0,0.0
100811,0,0.06107344814108423,0.0016484828588918183,3.726638839912802e-06,0.0,0.0
5284,1,0.043437012066463804,0.00030534899065814974,9.818329324033296e-06,0.0,0.0
20567,0,0.12611165288225792,0.005220125635523485,5.771920030068829e-06,0.0,0.0
111499,0,0.07067214336845942,0.005554925104976843,1.5057011869226585e-06,0.0,0.0
13772,1,0.07933549297324802,0.0028895806206369976,3.726638839912802e-06,0.0,0.0
100983,0,0.08523265509625064,0.006903836628141824,1.8162221872996068e-06,0.0,0.0
23719,0,0.06289022705846056,0.0004173158237957614,1.568955720703011e-05,0.0,0.0
80143,1,0.11613664639477908,0.0029810329339968827,8.398071033533918e-06,0.0,0.0
21581,0,0.13136878882115308,0.009412590343086962,3.50085316238225e-06,0.0,0.0
106832,0,0.07820169054240504,0.003945406039842732,2.642585190793824e-06,0.0,0.0
54813,1,0.054286705563874604,0.0008559005270359918,5.594337046452708e-06,0.0,0.0
3961,0,0.08770094390668175,0.0015978451647420651,8.398070032421943e-06,0.0,0.0
89299,0,0.039704179908207286,0.002631674240722588,9.422445939067078e-07,0.0,0.0
80701,1,0.08164826145210209,0.0004173158237957614,2.753568782174604e-05,0.0,0.0
83205,0,0.03167132280453329,0.0018675662743252222,8.315279285380715e-07,0.0,0.0
86337,0,0.05844013543852266,0.00337661276801696,1.6536891917493862e-06,0.0,0.0
59764,1,0.04542690161230723,0.001410358436282299,2.3320756378558803e-06,0.0,0.0
101808,0,0.06018359545839688,0.0027149861050945762,2.190782104892756e-06,0.0,0.0
79374,1,0.10987339691901676,0.0006070754685282924,3.6478546348360466e-05,0.0,0.0
31696,0,0.08645883283445523,0.001987774066425167,6.540436447118119e-06,0.0,0.0
84856,0,0.042156934375735845,0.001987774066425167,1.4144766730550664e-06,0.0,0.0
28379,0,0.07708277602029422,0.0029810329339968827,3.393146430930522e-06,0.0,0.0
108194,0,0.06965280127841543,0.0016484828588918183,4.936989537931885e-06,0.0,0.0
61821,1,0.0804842964911812,0.0032730656975854832,3.3931435994777406e-06,0.0,0.0
54820,1,0.054286705563874604,0.0008559005270359918,5.594337046452708e-06,0.0,0.0
85627,0,0.054286723909714604,0.0015487614480278714,3.089495184583075e-06,0.0,0.0
52301,1,0.042792403446430136,0.0009110513587503458,3.1875663565705323e-06,0.0,0.0
93939,0,0.04750341282820571,0.002182716953960533,1.6536891917493862e-06,0.0,0.0
13840,0,0.04610927901907884,0.00337661276801696,1.0030140882062788e-06,0.0,0.0
79565,0,0.08402228747022031,0.003945406039842732,3.089495184583075e-06,0.0,0.0
65991,1,0.05844013870539376,0.002182716953960533,2.561281600094309e-06,0.0,0.0
108746,0,0.04750341975747328,0.0015011819937681247,2.4061034870279747e-06,0.0,0.0
79131,0,0.04475414257204677,0.0010005044957413633,3.1875663565705323e-06,0.0,0.0
117116,0,0.05844013658508129,0.0020507436161568606,2.726469945665712e-06,0.0,0.0
117791,0,0.07820169156896668,0.0011335688164599627,9.22346791068853e-06,0.0,0.0
104705,0,0.07381344010557586,0.0032730656975854832,2.8130174840617977e-06,0.0,0.0
59277,1,0.07933549642564541,0.004198795588833998,2.561281600094309e-06,0.0,0.0
116179,0,0.1386665253573364,0.002182716953960533,1.7231574803700495e-05,0.0,0.0
9581,1,0.1295960822576171,0.003945406039842732,8.13969650595823e-06,0.0,0.0
85895,0,0.1604969817771069,0.0053849370015672145,9.818329324033296e-06,0.0,0.0
61620,1,0.04821541872945314,0.0007554055970964759,4.936990126459539e-06,0.0,0.0
95346,0,0.08770094869968707,0.002472622943003016,5.42221767718423e-06,0.0,0.0
65447,1,0.025220968917620275,0.0003920418525378508,2.482479149356074e-06,0.0,0.0
30291,0,0.12611167879811513,0.00433150297248697,6.962257909890453e-06,0.0,0.0
41663,1,0.04750340977836913,0.0023967313911954784,1.5057011869226585e-06,0.0,0.0
18949,0,0.048937531191599576,0.0014550627830884635,2.642585190793824e-06,0.0,0.0
41410,0,0.0440908744005271,0.0017546144219260113,1.760343003490802e-06,0.0,0.0
66428,1,0.07708278142847537,0.00433150297248697,2.3320756378558803e-06,0.0,0.0
22080,0,0.08645886217575104,0.002550912911214397,5.093706824804725e-06,0.0,0.0
5370,1,0.058440135724766654,0.0009697518580996581,5.771920030068829e-06,0.0,0.0
89007,0,0.05591360242863041,0.004905404780589826,1.0348532635506445e-06,0.0,0.0
89503,0,0.042792403446430136,0.0009110513587503458,3.1875663565705323e-06,0.0,0.0
100098,0,0.05844013072032016,0.0010322309782936526,5.42221767718423e-06,0.0,0.0
34694,0,0.05349008616997744,0.0053849370015672145,8.579234357751966e-07,0.0,0.0
115349,0,0.04680140087474442,0.0009697518580996581,3.6119822000929285e-06,0.0,0.0
48641,1,0.02301590403015381,0.00022341643448714715,3.6119822000929285e-06,0.0,0.0
118699,0,0.1626134488485415,0.002472622943003016,2.212567436532397e-05,0.0,0.0
71102,1,0.08048430713147482,0.005911069753745469,1.8738753836477887e-06,0.0,0.0
113299,0,0.031195625379358556,0.003075369179754187,4.888305104284274e-07,0.0,0.0
118382,0,0.12439972894065035,0.0032730656975854832,8.93969950149795e-06,0.0,0.0
71677,1,0.04475413182202597,0.0016484828588918183,1.9333584585511295e-06,0.0,0.0
51259,0,0.042792391262904676,0.0010322309782936526,2.8130174840617977e-06,0.0,0.0
13686,1,0.0941563354057262,0.0021157029409860713,7.4112781047984106e-06,0.0,0.0
20078,0,0.11454234867235404,0.0037072529053448575,6.540436447118119e-06,0.0,0.0
21943,0,0.06197562063623896,0.002182716953960533,2.9023119851992187e-06,0.0,0.0
71483,1,0.09415633277552404,0.006289901135666448,2.482479149356074e-06,0.0,0.0
